,branching_ratio,category,condition,prep_id
0,0.9503233327559187,O = organoid,Intact,O2
1,0.9113055806117973,O = organoid,Intact,O3
2,0.9230178352054248,O = organoid,Intact,O2
3,0.9916921651783303,O = organoid,Intact,O5
4,0.9910332071232848,O = organoid,Intact,O5
5,0.9992993499802416,O = organoid,Intact,O8
6,0.6446033174801912,O = organoid,Intact,O8
7,0.9416496320173419,O = organoid,Intact,O2
8,0.9940218094279321,O = organoid,Intact,O8
9,0.9925490269387587,O = organoid,Intact,O5
10,0.8843379503039132,O = organoid,Intact,O4
11,0.9920201959701231,O = organoid,Intact,O5
12,0.9701406444871856,O = organoid,Intact,O8
13,0.9280927845779087,O = organoid,Intact,O1
14,0.9860746186616638,O = organoid,Intact,O6
15,0.9932408324402073,O = organoid,Intact,O8
16,0.943594483129331,O = organoid,Intact,O3
17,0.983443144591372,O = organoid,Intact,O6
18,0.986847657227868,O = organoid,Intact,O6
19,0.9934254909381834,O = organoid,Intact,O8
20,0.9709705102673868,O = organoid,Intact,O2
21,0.9888795552200162,O = organoid,Intact,O6
22,0.9883970324147353,O = organoid,Intact,O6
23,0.9723361748615924,O = organoid,Intact,O6
24,0.9932829496806546,O = organoid,Intact,O7
25,0.9580933673288692,O = organoid,Intact,O2
26,0.9576997331152238,O = organoid,Intact,O2
27,0.9217178481252714,O = organoid,Intact,O2
28,0.9688060593282208,O = organoid,Intact,O2
29,0.9326889808651534,O = organoid,Intact,O3
30,0.9456415363388813,O = organoid,Intact,O2
31,0.9203777589141604,O = organoid,Intact,O1
32,0.9881735568945095,O = organoid,Intact,O6
33,0.9928792465348422,O = organoid,Intact,O8
34,0.9657012189857926,O = organoid,Intact,O4
35,0.9934105145537601,O = organoid,Intact,O8
36,0.9917102342888161,O = organoid,Intact,O5
37,0.9547162468311096,O = organoid,Intact,O2
38,0.9341370432529079,O = organoid,Intact,O1
39,0.9523510978615809,O = organoid,Intact,O2
40,0.9656527826254925,O = organoid,Intact,O7
41,0.9683862007391685,O = organoid,Intact,O4
42,0.9868301514625927,O = organoid,Intact,O7
43,0.993674870564104,O = organoid,Intact,O8
44,0.9159026214847777,O = organoid,Intact,O3
45,0.992324190359532,O = organoid,Intact,O5
46,0.9406821748549232,O = organoid,Intact,O1
47,0.9822835581427855,O = organoid,Intact,O6
48,0.9377641091327823,O = organoid,Intact,O3
49,0.953222661066288,O = organoid,Intact,O7
50,0.9922160463478802,O = organoid,Intact,O5
51,0.9388626178179541,O = organoid,Intact,O3
52,0.9026206732737025,O = organoid,Intact,O1
53,0.9440816309457524,O = organoid,Intact,O7
54,0.9217978713238525,O = organoid,Intact,O2
55,0.942071524740188,O = organoid,Intact,O4
56,0.9332396682149535,O = organoid,Intact,O1
57,0.9383459219403113,O = organoid,Intact,O1
58,0.9235752378246042,O = organoid,Intact,O1
59,0.7572161259149132,O = organoid,Intact,O1
60,0.9113177104907018,O = organoid,Intact,O3
61,0.9692138997862039,O = organoid,Intact,O4
62,0.9939182648535289,O = organoid,Intact,O8
63,0.9939472972437164,O = organoid,Intact,O8
64,0.8820832704712616,O = organoid,Intact,O4
65,0.927487052336986,O = organoid,Intact,O1
66,0.9122725896633961,O = organoid,Intact,O2
67,0.9892025993155293,O = organoid,Intact,O6
68,0.844097730208222,O = organoid,Intact,O2
69,0.9376664308594606,O = organoid,Intact,O1
70,0.9938049122343765,O = organoid,Intact,O8
71,0.9627810244476408,O = organoid,Intact,O2
72,0.9497102090417802,O = organoid,Intact,O4
73,0.9892025993155293,O = organoid,Intact,O6
74,0.9930954122324844,O = organoid,Intact,O8
75,0.9549078804881873,O = organoid,Intact,O7
76,0.9907004112493379,O = organoid,Intact,O5
77,0.994579932138736,O = organoid,Intact,O8
78,0.9513414362806683,O = organoid,Intact,O7
79,0.9393603511315053,O = organoid,Intact,O3
80,0.9361552759863391,O = organoid,Intact,O1
81,0.9110512786254844,O = organoid,Intact,O3
82,0.9480495984248009,O = organoid,Intact,O2
83,0.9734776514856647,O = organoid,Intact,O7
84,0.9935075213190763,O = organoid,Intact,O8
85,0.994994123521566,O = organoid,Intact,O8
86,0.9090856050242868,O = organoid,Intact,O3
87,0.9577843244726423,O = organoid,Intact,O4
88,0.9511734555139433,O = organoid,Intact,O7
89,0.9940785008942072,O = organoid,Intact,O8
90,0.9090958417103159,O = organoid,Intact,O3
91,0.9935214396125323,O = organoid,Intact,O7
92,0.992012409678768,O = organoid,Intact,O5
93,0.9921972252581708,O = organoid,Intact,O5
94,0.9832455567926621,O = organoid,Intact,O7
95,0.9474731905957166,O = organoid,Intact,O3
96,0.9823394674690099,O = organoid,Intact,O6
97,0.9296425960888555,O = organoid,Intact,O3
98,0.9867178853620524,O = organoid,Intact,O6
99,0.946528893446659,O = organoid,Intact,O7
100,0.9487232220454044,O = organoid,Intact,O2
101,0.9603593062917455,O = organoid,Intact,O2
102,0.9658950284807171,O = organoid,Intact,O2
103,0.9924060614765176,O = organoid,Intact,O5
104,0.9605493582305714,O = organoid,Intact,O4
105,0.9597782466463376,O = organoid,Intact,O7
106,0.9945445891010646,O = organoid,Intact,O8
107,0.9924081504010053,O = organoid,Intact,O5
108,0.9341251503234094,O = organoid,Intact,O1
109,0.9916146325891253,O = organoid,Intact,O7
110,0.9610975965253165,O = organoid,Intact,O4
111,0.9462040379543388,O = organoid,Intact,O2
112,0.9526067304126128,O = organoid,Intact,O7
113,0.9470486197464092,O = organoid,Intact,O2
114,0.9367103159057976,O = organoid,Intact,O1
115,0.9514762636209384,O = organoid,Intact,O2
116,0.9139588133598711,O = organoid,Intact,O3
117,0.99080079988236,O = organoid,Intact,O5
118,0.9842668001883451,O = organoid,Intact,O6
119,0.9620596654444327,O = organoid,Intact,O4
120,0.9523004654797764,O = organoid,Intact,O2
121,0.9466160068379629,O = organoid,Intact,O4
122,0.9336941068943009,O = organoid,Intact,O3
123,0.9414213291558942,O = organoid,Intact,O3
124,0.9648498688227825,O = organoid,Intact,O4
125,0.9914793299701198,O = organoid,Intact,O5
126,0.9545648751407365,O = organoid,Intact,O4
127,0.9692997204459889,O = organoid,Intact,O2
128,0.9865555149306016,O = organoid,Intact,O6
129,0.9641124076894488,O = organoid,Intact,O4
130,0.9452875136482402,O = organoid,Intact,O4
131,0.8964244174152634,O = organoid,Intact,O4
132,0.9940632868999838,O = organoid,Intact,O8
133,0.9918861063828178,O = organoid,Intact,O5
134,0.9871504567739503,O = organoid,Intact,O7
135,0.9235772539413071,O = organoid,Intact,O1
136,0.9409474698845888,O = organoid,Intact,O1
137,0.9926830892952775,O = organoid,Intact,O8
138,0.92427017675982,O = organoid,Intact,O7
139,0.9668890516330768,O = organoid,Intact,O4
140,0.9939954037978399,O = organoid,Intact,O8
141,0.9451467802114301,O = organoid,Intact,O2
142,0.9528280450904753,O = organoid,Intact,O7
143,0.9461010722103083,O = organoid,Intact,O2
144,0.9783245028450451,O = organoid,Intact,O6
145,0.9334787914682657,O = organoid,Intact,O3
146,0.9879705613575673,O = organoid,Intact,O7
147,0.9479331562012681,O = organoid,Intact,O3
148,0.9295251527150478,O = organoid,Intact,O3
149,0.9500839208986777,O = organoid,Intact,O2
150,0.5262526800319567,O = organoid,Intact,O8
151,0.9904262635485268,O = organoid,Intact,O8
152,0.9914315676173204,O = organoid,Intact,O5
153,0.925654849527117,O = organoid,Intact,O1
154,0.9409633144959766,O = organoid,Intact,O3
155,0.9940013106602069,O = organoid,Intact,O8
156,0.9817971368845526,O = organoid,Intact,O5
157,0.9916212912335287,O = organoid,Intact,O5
158,0.9915767665556731,O = organoid,Intact,O5
159,0.9863866488869424,O = organoid,Intact,O6
160,0.9849066778025503,O = organoid,Intact,O6
161,0.9450969575956707,O = organoid,Intact,O3
162,0.9252893751817998,O = organoid,Intact,O2
163,0.9924352114838102,O = organoid,Intact,O8
164,0.9901437868513273,O = organoid,Intact,O5
165,0.9884210932809068,O = organoid,Intact,O6
166,0.9649867497752682,O = organoid,Intact,O6
167,0.8556521957279764,O = organoid,Intact,O1
168,0.9935510984212067,O = organoid,Intact,O8
169,0.9872113780655879,O = organoid,Intact,O6
170,0.987055606878133,O = organoid,Intact,O6
171,0.9597915133611209,O = organoid,Intact,O2
172,0.9936791768500904,O = organoid,Intact,O8
173,0.9425670769919041,O = organoid,Intact,O1
174,0.9643202973665675,O = organoid,Intact,O4
175,0.991091035988257,O = organoid,Intact,O5
176,0.9939891729725128,O = organoid,Intact,O8
177,0.9568940327374167,O = organoid,Intact,O4
178,0.9569315429053328,O = organoid,Intact,O2
179,0.9363941699191429,O = organoid,Intact,O1
180,0.902625839435062,O = organoid,Intact,O3
181,0.9511084334990172,O = organoid,Intact,O2
182,0.9917195648125339,O = organoid,Intact,O5
183,0.9800755300665056,O = organoid,Intact,O7
184,0.9974857241157415,O = organoid,Intact,O8
185,0.994579932138736,O = organoid,Intact,O8
186,0.9422218229601927,O = organoid,Intact,O3
187,0.9226549342354684,O = organoid,Intact,O2
188,0.940060101334696,O = organoid,Intact,O1
189,0.925186396379693,O = organoid,Intact,O3
190,0.9919311299080793,O = organoid,Intact,O5
191,0.9312628218094844,O = organoid,Intact,O3
192,0.9413139830851605,O = organoid,Intact,O1
193,0.9401072810771938,O = organoid,Intact,O1
194,0.9607718517585404,O = organoid,Intact,O4
195,0.913286496951304,O = organoid,Intact,O3
196,0.9117869817603155,O = organoid,Intact,O3
197,0.9917587789582004,O = organoid,Intact,O5
198,0.9925496554090147,O = organoid,Intact,O7
199,0.9428902129672933,O = organoid,Intact,O3
200,0.9920185329735474,O = organoid,Intact,O8
201,0.9545669182394145,O = organoid,Intact,O4
202,0.9426129710688942,O = organoid,Intact,O3
203,0.9926695245959123,O = organoid,Intact,O8
204,0.9921491196197292,O = organoid,Intact,O5
205,0.9363311044309028,O = organoid,Intact,O3
206,0.9183841789664285,O = organoid,Intact,O3
207,0.9927041489905806,O = organoid,Intact,O8
208,0.9454275607755509,O = organoid,Intact,O2
209,0.9892794027895175,O = organoid,Intact,O6
210,0.939695268991508,O = organoid,Intact,O3
211,0.9922479236030799,O = organoid,Intact,O8
212,0.9867178853620524,O = organoid,Intact,O6
213,0.9579712764754459,O = organoid,Intact,O4
214,0.8992325301341478,O = organoid,Intact,O3
215,0.9884979250843691,O = organoid,Intact,O6
216,0.9712600460794363,O = organoid,Intact,O6
217,0.9679926419885689,O = organoid,Intact,O4
218,1.02020134002236,O = organoid,Intact,O2
219,0.9654407416031288,O = organoid,Intact,O7
220,0.935049989422962,O = organoid,Intact,O3
221,0.9662169712501805,O = organoid,Intact,O4
222,0.9386139649918939,O = organoid,Intact,O7
223,0.9937916310115588,O = organoid,Intact,O8
224,0.9877227285017608,O = organoid,Intact,O6
225,0.9457848444448064,O = organoid,Intact,O3
226,0.951068430755551,O = organoid,Intact,O7
227,0.9851422114664122,O = organoid,Intact,O6
228,0.9925814317958133,O = organoid,Intact,O5
229,0.9678661001143023,O = organoid,Intact,O4
230,0.9805645944401084,O = organoid,Intact,O7
231,0.9313562502557527,O = organoid,Intact,O1
232,0.9824841254781159,O = organoid,Intact,O6
233,0.9232417478810737,O = organoid,Intact,O3
234,0.9930608063899959,O = organoid,Intact,O8
235,0.9942261956719568,O = organoid,Intact,O8
236,0.9881009669827663,O = organoid,Intact,O6
237,0.9396167856098225,O = organoid,Intact,O3
238,0.9932034112546805,O = organoid,Intact,O7
239,0.9822835581427855,O = organoid,Intact,O6
240,0.9878174785529096,O = organoid,Intact,O6
241,0.9790433151072081,O = organoid,Intact,O6
242,0.991557318879865,O = organoid,Intact,O5
243,0.9939182648535289,O = organoid,Intact,O8
244,0.9911600896467454,O = organoid,Intact,O5
245,0.9872986204181621,O = organoid,Intact,O6
246,0.9484985776898907,O = organoid,Intact,O4
247,0.938199572237199,O = organoid,Intact,O4
248,0.989093026596977,O = organoid,Intact,O7
249,0.929968607633765,O = organoid,Intact,O3
250,0.9927792354506293,O = organoid,Intact,O7
251,0.8867631334547755,O = organoid,Intact,O3
252,0.9410832518161902,O = organoid,Intact,O1
253,0.9708019321975867,O = organoid,Intact,O2
254,0.919664897602478,O = organoid,Intact,O1
255,0.9812468571498147,O = organoid,Intact,O6
256,0.9342825737578964,O = organoid,Intact,O2
257,0.9422626369707127,O = organoid,Intact,O3
258,0.9425406722895018,O = organoid,Intact,O2
259,0.9504869230028169,O = organoid,Intact,O7
260,0.9577695686783518,O = organoid,Intact,O7
261,0.9860446979450627,O = organoid,Intact,O6
262,0.9427722748307794,O = organoid,Intact,O1
263,0.9656695635411416,O = organoid,Intact,O4
264,0.9713417594397006,O = organoid,Intact,O7
265,0.9914223535476187,O = organoid,Intact,O5
266,0.9879638135238461,O = organoid,Intact,O7
267,0.9860884057232757,O = organoid,Intact,O6
268,0.9344141934039694,O = organoid,Intact,O1
269,0.9453227230783662,O = organoid,Intact,O3
270,0.9233127433987509,O = organoid,Intact,O3
271,0.9797000945675427,O = organoid,Intact,O6
272,0.9338216565053405,O = organoid,Intact,O1
273,0.8938326058144478,O = organoid,Intact,O1
274,0.9362325119907027,O = organoid,Intact,O2
275,0.8969358229207164,O = organoid,Intact,O2
276,0.9939671639989462,O = organoid,Intact,O8
277,0.9923030183782456,O = organoid,Intact,O8
278,0.9624298726186238,O = organoid,Intact,O4
279,0.9864899692931557,O = organoid,Intact,O6
280,0.9926535432898228,O = organoid,Intact,O8
281,0.991501149626237,O = organoid,Intact,O5
282,0.9551772613332208,O = organoid,Intact,O2
283,0.9850455692995699,O = organoid,Intact,O5
284,0.5247638355657313,O = organoid,Intact,O8
285,0.9286027579280629,O = organoid,Intact,O1
286,0.9237105303793084,O = organoid,Intact,O2
287,0.9832230166547054,O = organoid,Intact,O6
288,0.9544187722235026,O = organoid,Intact,O2
289,0.9914117778233209,O = organoid,Intact,O5
290,0.9939182648535289,O = organoid,Intact,O8
291,0.9536907125303179,O = organoid,Intact,O7
292,0.9361444911417732,O = organoid,Intact,O1
293,0.9860359559560162,O = organoid,Intact,O6
294,0.9852572609288593,O = organoid,Intact,O7
295,0.9315513777083007,O = organoid,Intact,O4
296,0.9442296354904327,O = organoid,Intact,O2
297,0.9359117569863412,O = organoid,Intact,O1
298,0.9285089152710692,O = organoid,Intact,O1
299,0.7774245614440891,O = organoid,Intact,O1
300,0.9868231577656849,O = organoid,Intact,O7
301,0.9650068121470207,O = organoid,Intact,O7
302,0.9789611759722442,O = organoid,Intact,O7
303,0.9886248641715524,O = organoid,Intact,O5
304,0.9913616424993146,O = organoid,Intact,O5
305,0.9687205260838376,O = organoid,Intact,O4
306,0.9487528776831201,O = organoid,Intact,O3
307,0.9631065045585891,O = organoid,Intact,O4
308,0.9902652675143193,O = organoid,Intact,O5
309,0.9522545248931157,O = organoid,Intact,O2
310,0.9324174151947197,O = organoid,Intact,O1
311,0.9918782046201255,O = organoid,Intact,O5
312,0.9644771556399501,O = organoid,Intact,O4
313,0.9870300224345997,O = organoid,Intact,O7
314,0.9915199486373101,O = organoid,Intact,O5
315,0.9921811013088333,O = organoid,Intact,O5
316,0.9919493140305264,O = organoid,Intact,O8
317,0.9530374493812075,O = organoid,Intact,O2
318,0.9825617936402317,O = organoid,Intact,O7
319,0.9259129525277529,O = organoid,Intact,O4
320,0.9941029593396746,O = organoid,Intact,O8
321,0.9571830777067671,O = organoid,Intact,O7
322,0.9893704329226184,O = organoid,Intact,O7
323,0.9895742302202974,O = organoid,Intact,O5
324,0.9670022483104626,O = organoid,Intact,O4
325,0.9923249345050869,O = organoid,Intact,O7
326,0.9921512478182972,O = organoid,Intact,O7
327,0.9726588403063613,O = organoid,Intact,O7
328,0.9375278254834172,O = organoid,Intact,O3
329,0.9918821651053131,O = organoid,Intact,O5
330,0.9348081057303381,O = organoid,Intact,O1
331,0.9641708171673447,O = organoid,Intact,O4
332,0.9927142606753916,O = organoid,Intact,O7
333,0.9459729575890488,O = organoid,Intact,O1
334,0.9872390912653347,O = organoid,Intact,O6
335,0.9295799924869175,O = organoid,Intact,O1
336,0.9360702249629087,O = organoid,Intact,O1
337,0.98128164132695,O = organoid,Intact,O7
338,0.9319482546080698,O = organoid,Intact,O3
339,0.9376824799509522,O = organoid,Intact,O4
340,0.9532377516969899,O = organoid,Intact,O4
341,0.9663474210779158,O = organoid,Intact,O4
342,0.9489993383056148,O = organoid,Intact,O4
343,0.9914504248453284,O = organoid,Intact,O8
344,0.9536403274521399,O = organoid,Intact,O4
345,0.9315601140910871,O = organoid,Intact,O1
346,0.4684028657821803,O = organoid,Intact,O1
347,0.9582518358684855,O = organoid,Intact,O4
348,0.9304331096360693,O = organoid,Intact,O1
349,0.9923409320736629,O = organoid,Intact,O5
350,0.8612348770901178,O = organoid,Intact,O3
351,0.9839808310114836,O = organoid,Intact,O6
352,0.9935508135313844,O = organoid,Intact,O8
353,0.939608974512291,O = organoid,Intact,O1
354,0.9867435418216939,O = organoid,Intact,O6
355,0.9684649327002354,O = organoid,Intact,O4
356,0.9616458296837015,O = organoid,Intact,O4
357,0.993189045512099,O = organoid,Intact,O7
358,0.9656154764891189,O = organoid,Intact,O7
359,0.9940026531775176,O = organoid,Intact,O8
360,0.9815177835233369,O = organoid,Intact,O5
361,0.9886985576491047,O = organoid,Intact,O5
362,0.9875303324574995,O = organoid,Intact,O6
363,0.991964233757153,O = organoid,Intact,O5
364,0.9338161446877606,O = organoid,Intact,O4
365,0.9864545136180121,O = organoid,Intact,O6
366,0.9452514257472199,O = organoid,Intact,O3
367,0.9667104875172379,O = organoid,Intact,O7
368,0.9925191539533748,O = organoid,Intact,O5
369,0.9436387697559405,O = organoid,Intact,O1
370,0.9911994670162244,O = organoid,Intact,O5
371,0.9507742347258544,O = organoid,Intact,O2
372,0.9921199321242994,O = organoid,Intact,O5
373,0.9283901986705579,O = organoid,Intact,O2
374,0.927872606360769,O = organoid,Intact,O2
375,0.9935562695329433,O = organoid,Intact,O8
376,0.9647322754980184,O = organoid,Intact,O2
377,0.9923160860076523,O = organoid,Intact,O5
378,0.8613123442758626,O = organoid,Intact,O3
379,0.9898184746633397,O = organoid,Intact,O5
380,0.9656440663857745,O = organoid,Intact,O4
381,0.9858306956404278,O = organoid,Intact,O6
382,0.9856642807470504,O = organoid,Intact,O6
383,0.9850165535459277,O = organoid,Intact,O6
384,0.962430428702373,O = organoid,Intact,O4
385,0.9918518504566706,O = organoid,Intact,O5
386,0.8685689289772901,O = organoid,Intact,O4
387,0.8835409953774189,O = organoid,Intact,O3
388,0.525296866695398,O = organoid,Intact,O8
389,0.9055180780340966,O = organoid,Intact,O1
390,0.9358763028038375,O = organoid,Intact,O1
391,0.936686300264195,O = organoid,Intact,O1
392,0.9583433969303222,O = organoid,Intact,O6
393,0.965388665724974,O = organoid,Intact,O2
394,0.9051640809600944,O = organoid,Intact,O4
395,0.9885740879855713,O = organoid,Intact,O7
396,0.9797000945675427,O = organoid,Intact,O6
397,0.9380889442080559,O = organoid,Intact,O1
398,0.9352459251546749,O = organoid,Intact,O1
399,0.9290356938563165,O = organoid,Intact,O3
400,0.9602727932372424,O = organoid,Control,O2
401,0.9775739096864505,O = organoid,Control,O3
402,0.9833712468083732,O = organoid,Control,O2
403,0.999215533313117,O = organoid,Control,O5
404,0.99401704574202,O = organoid,Control,O5
405,0.007235703745080885,O = organoid,Control,O8
406,0.9999999199108062,O = organoid,Control,O8
407,0.9999995704885289,O = organoid,Control,O2
408,0.9694387953667192,O = organoid,Control,O8
409,0.9959343895260178,O = organoid,Control,O5
410,0.9894665043441003,O = organoid,Control,O4
411,0.951155176582441,O = organoid,Control,O5
412,0.0003261294046396541,O = organoid,Control,O8
413,0.9174626367974179,O = organoid,Control,O1
414,0.9961937892278598,O = organoid,Control,O6
415,0.00027023058279552944,O = organoid,Control,O8
416,0.9483215764160583,O = organoid,Control,O3
417,0.9999991859323382,O = organoid,Control,O6
418,0.9979211582675365,O = organoid,Control,O6
419,0.9577371332305235,O = organoid,Control,O8
420,0.9511257407068576,O = organoid,Control,O2
421,0.9956386899280836,O = organoid,Control,O6
422,0.9901691210691448,O = organoid,Control,O6
423,0.9862820898003491,O = organoid,Control,O6
424,0.9904781780440227,O = organoid,Control,O7
425,0.0028924275676321413,O = organoid,Control,O2
426,0.9017114220298181,O = organoid,Control,O2
427,0.9957200344825067,O = organoid,Control,O2
428,0.7200183162880915,O = organoid,Control,O2
429,0.9914398159111977,O = organoid,Control,O3
430,0.9640064098149588,O = organoid,Control,O2
431,0.9986327788767196,O = organoid,Control,O1
432,0.9777973856561181,O = organoid,Control,O6
433,0.8483308513246466,O = organoid,Control,O8
434,0.9668913312376444,O = organoid,Control,O4
435,0.9511947776872932,O = organoid,Control,O8
436,0.9454167436105979,O = organoid,Control,O5
437,0.998354566258339,O = organoid,Control,O2
438,0.9763863915313792,O = organoid,Control,O1
439,0.9979349161674439,O = organoid,Control,O2
440,0.5379874466597797,O = organoid,Control,O7
441,0.9510168831596134,O = organoid,Control,O4
442,0.9798258814542081,O = organoid,Control,O7
443,0.9772497846436113,O = organoid,Control,O8
444,0.9357811857051911,O = organoid,Control,O3
445,0.8906795407050528,O = organoid,Control,O5
446,0.9874630611298745,O = organoid,Control,O1
447,0.999999523091517,O = organoid,Control,O6
448,0.4493402825429543,O = organoid,Control,O3
449,0.997130936405484,O = organoid,Control,O7
450,0.9973873788168984,O = organoid,Control,O5
451,0.8777170613279405,O = organoid,Control,O3
452,0.9924496977491212,O = organoid,Control,O1
453,0.9768786222784784,O = organoid,Control,O7
454,0.9999998847028582,O = organoid,Control,O2
455,0.8905166465718116,O = organoid,Control,O4
456,0.9658852683111624,O = organoid,Control,O1
457,0.8935030252580347,O = organoid,Control,O1
458,0.9977984538491378,O = organoid,Control,O1
459,0.9887897834901499,O = organoid,Control,O1
460,0.9671779284292221,O = organoid,Control,O3
461,0.7998866272302825,O = organoid,Control,O4
462,0.9992325376356426,O = organoid,Control,O8
463,0.6159641336991896,O = organoid,Control,O8
464,0.9972472434299513,O = organoid,Control,O4
465,0.987096716867861,O = organoid,Control,O1
466,0.9511560898997323,O = organoid,Control,O2
467,0.9806326587325233,O = organoid,Control,O6
468,0.6571724521099833,O = organoid,Control,O2
469,0.9999994652311972,O = organoid,Control,O1
470,0.9814295196756841,O = organoid,Control,O8
471,0.9994820957627559,O = organoid,Control,O2
472,0.9986177386453008,O = organoid,Control,O4
473,0.407969056518892,O = organoid,Control,O6
474,0.9933313016655485,O = organoid,Control,O8
475,0.8944806113159185,O = organoid,Control,O7
476,0.9877598745529503,O = organoid,Control,O5
477,0.9986326064446445,O = organoid,Control,O8
478,0.9607704353993859,O = organoid,Control,O7
479,0.0007619585443058662,O = organoid,Control,O3
480,0.5023779839517747,O = organoid,Control,O1
481,0.9551286470157431,O = organoid,Control,O3
482,0.6039871322936385,O = organoid,Control,O2
483,0.9995922231074142,O = organoid,Control,O7
484,0.9999960058003411,O = organoid,Control,O8
485,0.8379816119095939,O = organoid,Control,O8
486,0.9950062910429471,O = organoid,Control,O3
487,0.9883933283974542,O = organoid,Control,O4
488,0.8070702283318432,O = organoid,Control,O7
489,0.998183247058592,O = organoid,Control,O8
490,0.9415951255342657,O = organoid,Control,O3
491,0.9980889382188334,O = organoid,Control,O7
492,0.8910568782597302,O = organoid,Control,O5
493,0.8643371476116102,O = organoid,Control,O5
494,0.9458039109416275,O = organoid,Control,O7
495,0.9980818598444621,O = organoid,Control,O3
496,0.9954929096983398,O = organoid,Control,O6
497,0.9999998132785459,O = organoid,Control,O3
498,0.8862004180087688,O = organoid,Control,O6
499,0.9939622194183746,O = organoid,Control,O7
500,0.9993870866814925,O = organoid,Control,O2
501,0.9161740078658803,O = organoid,Control,O2
502,0.9925720845835894,O = organoid,Control,O2
503,0.9648085742444419,O = organoid,Control,O5
504,0.9999997118645,O = organoid,Control,O4
505,0.9999988272694721,O = organoid,Control,O7
506,0.9768628174822984,O = organoid,Control,O8
507,0.9942834521490309,O = organoid,Control,O5
508,0.9860589279539856,O = organoid,Control,O1
509,0.0001268848205998809,O = organoid,Control,O7
510,0.6638004579037803,O = organoid,Control,O4
511,0.9379072050839914,O = organoid,Control,O2
512,0.9511336407705467,O = organoid,Control,O7
513,0.930637492587039,O = organoid,Control,O2
514,0.9999994954089833,O = organoid,Control,O1
515,0.9882397130284228,O = organoid,Control,O2
516,0.9511694710915297,O = organoid,Control,O3
517,0.999999912852075,O = organoid,Control,O5
518,0.9541637491570558,O = organoid,Control,O6
519,0.988969869822556,O = organoid,Control,O4
520,0.6722010022825605,O = organoid,Control,O2
521,0.8939730927866029,O = organoid,Control,O4
522,0.9929983870440026,O = organoid,Control,O3
523,0.9950640482910397,O = organoid,Control,O3
524,0.9910885713191349,O = organoid,Control,O4
525,0.9999956969866772,O = organoid,Control,O5
526,0.812787037964742,O = organoid,Control,O4
527,0.8896552573185078,O = organoid,Control,O2
528,0.980446205827621,O = organoid,Control,O6
529,0.0003347146822338955,O = organoid,Control,O4
530,0.9760277859107149,O = organoid,Control,O4
531,0.7293955341421972,O = organoid,Control,O4
532,0.9999998495851863,O = organoid,Control,O8
533,0.9592039926457742,O = organoid,Control,O5
534,0.9536643835207825,O = organoid,Control,O7
535,0.4783334941021307,O = organoid,Control,O1
536,0.9925808780155704,O = organoid,Control,O1
537,0.9972178656144036,O = organoid,Control,O8
538,0.8970945582070782,O = organoid,Control,O7
539,0.9523454010832323,O = organoid,Control,O4
540,0.5781911273701679,O = organoid,Control,O8
541,0.9992066411636368,O = organoid,Control,O2
542,0.9243041185300037,O = organoid,Control,O7
543,0.9511271032559273,O = organoid,Control,O2
544,0.9999995886211412,O = organoid,Control,O6
545,0.9050603823482724,O = organoid,Control,O3
546,0.9416639138732502,O = organoid,Control,O7
547,0.9707665123054341,O = organoid,Control,O3
548,0.27047197958369984,O = organoid,Control,O3
549,0.9949996656589195,O = organoid,Control,O2
550,0.9977063639984223,O = organoid,Control,O8
551,0.9970403053471015,O = organoid,Control,O8
552,0.9997098138176346,O = organoid,Control,O5
553,0.9983306284195603,O = organoid,Control,O1
554,0.026351972744478085,O = organoid,Control,O3
555,0.9929804605568299,O = organoid,Control,O8
556,0.06069715051620287,O = organoid,Control,O5
557,0.9687207222950941,O = organoid,Control,O5
558,0.0003828386096699993,O = organoid,Control,O5
559,0.9951372497486424,O = organoid,Control,O6
560,0.8836628341396898,O = organoid,Control,O6
561,0.7131193480961513,O = organoid,Control,O3
562,0.9673413166227254,O = organoid,Control,O2
563,0.9991680851945917,O = organoid,Control,O8
564,0.9728938745942578,O = organoid,Control,O5
565,0.9999997571472551,O = organoid,Control,O6
566,0.848151054322553,O = organoid,Control,O6
567,0.999999731795392,O = organoid,Control,O1
568,0.8183944061414677,O = organoid,Control,O8
569,0.9964948470013625,O = organoid,Control,O6
570,0.9957414561709055,O = organoid,Control,O6
571,0.9639535842962406,O = organoid,Control,O2
572,0.9999992473623261,O = organoid,Control,O8
573,0.001105368116643047,O = organoid,Control,O1
574,0.960332844257344,O = organoid,Control,O4
575,0.7468064359685217,O = organoid,Control,O5
576,0.9901592372905029,O = organoid,Control,O8
577,0.04501958550161246,O = organoid,Control,O4
578,0.9511530295668505,O = organoid,Control,O2
579,0.3876450071198707,O = organoid,Control,O1
580,0.9955163380061165,O = organoid,Control,O3
581,0.9699329723707887,O = organoid,Control,O2
582,0.8438103374184109,O = organoid,Control,O5
583,0.993294891675703,O = organoid,Control,O7
584,0.999999839588539,O = organoid,Control,O8
585,0.9952672950218471,O = organoid,Control,O8
586,0.9999999081234956,O = organoid,Control,O3
587,0.3663216055696739,O = organoid,Control,O2
588,0.7862442717057013,O = organoid,Control,O1
589,0.9946255248748774,O = organoid,Control,O3
590,0.9959097846888015,O = organoid,Control,O5
591,0.29581476752244595,O = organoid,Control,O3
592,0.9635719061843825,O = organoid,Control,O1
593,0.9930332121552542,O = organoid,Control,O1
594,0.9895748142991984,O = organoid,Control,O4
595,0.9947169710167975,O = organoid,Control,O3
596,0.9999996542834431,O = organoid,Control,O3
597,0.986583563177705,O = organoid,Control,O5
598,0.9591927744938156,O = organoid,Control,O7
599,0.9874011279665859,O = organoid,Control,O3
600,0.9905057586281445,O = organoid,Control,O8
601,0.995514500879865,O = organoid,Control,O4
602,0.9677731207963952,O = organoid,Control,O3
603,0.9943106161105627,O = organoid,Control,O8
604,0.9899956634846805,O = organoid,Control,O5
605,0.9852444472345512,O = organoid,Control,O3
606,0.960577646267533,O = organoid,Control,O3
607,0.9999974772939251,O = organoid,Control,O8
608,0.939402423232229,O = organoid,Control,O2
609,0.7523975413811056,O = organoid,Control,O6
610,0.9667030203177932,O = organoid,Control,O3
611,0.9022123247257273,O = organoid,Control,O8
612,0.8960706898194121,O = organoid,Control,O6
613,0.953101861527941,O = organoid,Control,O4
614,0.9903594348321558,O = organoid,Control,O3
615,0.9487011893554362,O = organoid,Control,O6
616,0.7712898041477997,O = organoid,Control,O6
617,0.7137183286229417,O = organoid,Control,O4
618,0.9726915812646093,O = organoid,Control,O2
619,0.9999989484146756,O = organoid,Control,O7
620,0.9720189538948851,O = organoid,Control,O3
621,0.95088016174377,O = organoid,Control,O4
622,0.9999997617836753,O = organoid,Control,O7
623,0.9512008317719198,O = organoid,Control,O8
624,0.9595324926524629,O = organoid,Control,O6
625,0.7796092044812764,O = organoid,Control,O3
626,0.8699513246319781,O = organoid,Control,O7
627,0.96750772628954,O = organoid,Control,O6
628,0.9999996686478393,O = organoid,Control,O5
629,0.8840227659359097,O = organoid,Control,O4
630,0.9999998717917167,O = organoid,Control,O7
631,0.9243872013317423,O = organoid,Control,O1
632,0.7648102957573364,O = organoid,Control,O6
633,0.9664979523997304,O = organoid,Control,O3
634,0.8539463611109352,O = organoid,Control,O8
635,0.9961423034319334,O = organoid,Control,O8
636,0.9939541169782455,O = organoid,Control,O6
637,0.999998283144192,O = organoid,Control,O3
638,0.0005312700082710843,O = organoid,Control,O7
639,0.998628978681687,O = organoid,Control,O6
640,0.9828700810902538,O = organoid,Control,O6
641,0.9850799390450409,O = organoid,Control,O6
642,0.9999997001616675,O = organoid,Control,O5
643,0.9999998947137381,O = organoid,Control,O8
644,0.9855116010211892,O = organoid,Control,O5
645,0.9813319791981137,O = organoid,Control,O6
646,0.927159167250236,O = organoid,Control,O4
647,0.690192204418558,O = organoid,Control,O4
648,0.9511736748523737,O = organoid,Control,O7
649,0.9531876663711021,O = organoid,Control,O3
650,0.8012180355751287,O = organoid,Control,O7
651,0.9993770612075626,O = organoid,Control,O3
652,0.9927054222705881,O = organoid,Control,O1
653,0.9977831147795078,O = organoid,Control,O2
654,0.9975467916116735,O = organoid,Control,O1
655,0.999336609143841,O = organoid,Control,O6
656,0.9961505699108855,O = organoid,Control,O2
657,0.9963120071181271,O = organoid,Control,O3
658,0.9807594442645439,O = organoid,Control,O2
659,0.9916837484242661,O = organoid,Control,O7
660,0.0004277580450723009,O = organoid,Control,O7
661,0.9994922663962837,O = organoid,Control,O6
662,0.196321199577913,O = organoid,Control,O1
663,0.10139931886493242,O = organoid,Control,O4
664,0.9969696979175967,O = organoid,Control,O7
665,0.9815178209396207,O = organoid,Control,O5
666,0.9949752748195452,O = organoid,Control,O7
667,0.9999998807367654,O = organoid,Control,O6
668,0.4602086202844013,O = organoid,Control,O1
669,0.9599016116674627,O = organoid,Control,O3
670,0.94570469703391,O = organoid,Control,O3
671,0.8474113654656136,O = organoid,Control,O6
672,0.9827144125916052,O = organoid,Control,O1
673,0.9510030098156178,O = organoid,Control,O1
674,0.9872424292051777,O = organoid,Control,O2
675,0.9691632800582699,O = organoid,Control,O2
676,0.6305029010489162,O = organoid,Control,O8
677,0.90047197979963,O = organoid,Control,O8
678,0.6859467104535555,O = organoid,Control,O4
679,0.9997976039137927,O = organoid,Control,O6
680,0.8398374578199199,O = organoid,Control,O8
681,0.8678730526346197,O = organoid,Control,O5
682,0.9510863084378709,O = organoid,Control,O2
683,0.6931461407736859,O = organoid,Control,O5
684,0.9947025251244253,O = organoid,Control,O8
685,0.6802723824217562,O = organoid,Control,O1
686,0.8989248651563636,O = organoid,Control,O2
687,0.9688756762887777,O = organoid,Control,O6
688,0.9999999156247235,O = organoid,Control,O2
689,0.5954148200936897,O = organoid,Control,O5
690,0.9967336690193798,O = organoid,Control,O8
691,0.9511914188373007,O = organoid,Control,O7
692,0.7956063687596407,O = organoid,Control,O1
693,0.9990358690692017,O = organoid,Control,O6
694,0.9047059563909798,O = organoid,Control,O7
695,0.9435016044159064,O = organoid,Control,O4
696,0.9847693038587743,O = organoid,Control,O2
697,0.9950109060557429,O = organoid,Control,O1
698,0.994154678081758,O = organoid,Control,O1
699,0.9950969448570035,O = organoid,Control,O1
700,0.9949773685575733,O = organoid,Control,O7
701,0.9846632363582518,O = organoid,Control,O7
702,0.9767103458694182,O = organoid,Control,O7
703,0.9910148046466689,O = organoid,Control,O5
704,0.8454859295962848,O = organoid,Control,O5
705,0.9710147591927848,O = organoid,Control,O4
706,0.9510860038936387,O = organoid,Control,O3
707,0.0004081428717470776,O = organoid,Control,O4
708,0.8096843227657099,O = organoid,Control,O5
709,0.9664851433085451,O = organoid,Control,O2
710,0.48002229253472906,O = organoid,Control,O1
711,0.9999998584898029,O = organoid,Control,O5
712,0.9999409195470061,O = organoid,Control,O4
713,0.6370920443815468,O = organoid,Control,O7
714,0.6695748420167806,O = organoid,Control,O5
715,0.9650630798792005,O = organoid,Control,O5
716,0.999999763977264,O = organoid,Control,O8
717,0.9971655897715082,O = organoid,Control,O2
718,0.999999519021282,O = organoid,Control,O7
719,0.9999995935618058,O = organoid,Control,O4
720,0.9609920726674049,O = organoid,Control,O8
721,0.9886606074642964,O = organoid,Control,O7
722,0.9656208221152247,O = organoid,Control,O7
723,0.9999990797886361,O = organoid,Control,O5
724,0.8447338471247877,O = organoid,Control,O4
725,0.9510530482629016,O = organoid,Control,O7
726,0.9704227587056893,O = organoid,Control,O7
727,0.946167269008677,O = organoid,Control,O7
728,0.9510766373248519,O = organoid,Control,O3
729,0.9511416687883061,O = organoid,Control,O5
730,0.9980334233941752,O = organoid,Control,O1
731,0.2329665591833607,O = organoid,Control,O4
732,0.9677739897859,O = organoid,Control,O7
733,0.9958690714805929,O = organoid,Control,O1
734,0.9715417166400121,O = organoid,Control,O6
735,0.9134824597447706,O = organoid,Control,O1
736,0.9549608318010907,O = organoid,Control,O1
737,0.9928904158706083,O = organoid,Control,O7
738,0.9872125816653194,O = organoid,Control,O3
739,0.907180126275082,O = organoid,Control,O4
740,0.9999997572097872,O = organoid,Control,O4
741,0.9653981469844848,O = organoid,Control,O4
742,0.9999997659745314,O = organoid,Control,O4
743,0.9878866268320255,O = organoid,Control,O8
744,0.9895615721663914,O = organoid,Control,O4
745,0.7116648473158054,O = organoid,Control,O1
746,0.15491037251729584,O = organoid,Control,O1
747,0.9960286583108788,O = organoid,Control,O4
748,0.9988567822138718,O = organoid,Control,O1
749,0.8263839583700555,O = organoid,Control,O5
750,0.922983191080334,O = organoid,Control,O3
751,0.9547416630199326,O = organoid,Control,O6
752,0.9999995703387624,O = organoid,Control,O8
753,0.9974188141169188,O = organoid,Control,O1
754,0.9866508423907131,O = organoid,Control,O6
755,0.9883968710093679,O = organoid,Control,O4
756,0.9993356468871422,O = organoid,Control,O4
757,0.9820096816829743,O = organoid,Control,O7
758,0.01420140142720147,O = organoid,Control,O7
759,0.7982767766633324,O = organoid,Control,O8
760,0.7157415543067966,O = organoid,Control,O5
761,0.9772960013405827,O = organoid,Control,O5
762,0.9975914629329651,O = organoid,Control,O6
763,0.9987254917878723,O = organoid,Control,O5
764,0.9999994707645615,O = organoid,Control,O4
765,0.4631333434451891,O = organoid,Control,O6
766,0.7591014631630749,O = organoid,Control,O3
767,0.9962441977273867,O = organoid,Control,O7
768,0.9999994439605137,O = organoid,Control,O5
769,0.6557610138093185,O = organoid,Control,O1
770,0.9511621411232501,O = organoid,Control,O5
771,0.9944359775962032,O = organoid,Control,O2
772,0.9721537203403038,O = organoid,Control,O5
773,0.9969725811265198,O = organoid,Control,O2
774,0.9997788563871932,O = organoid,Control,O2
775,0.9439945927435269,O = organoid,Control,O8
776,0.9338019341597191,O = organoid,Control,O2
777,0.9999997383775294,O = organoid,Control,O5
778,0.9511563015068148,O = organoid,Control,O3
779,0.968691203006103,O = organoid,Control,O5
780,0.45374378516986397,O = organoid,Control,O4
781,0.9999997614455722,O = organoid,Control,O6
782,0.9482751662474644,O = organoid,Control,O6
783,0.9999999284383858,O = organoid,Control,O6
784,0.9885674787243877,O = organoid,Control,O4
785,0.9948468780629355,O = organoid,Control,O5
786,0.9849161567504742,O = organoid,Control,O4
787,0.9511146202245484,O = organoid,Control,O3
788,0.9982008215687118,O = organoid,Control,O8
789,0.9999993386467443,O = organoid,Control,O1
790,0.8375967903032674,O = organoid,Control,O1
791,0.909960564441828,O = organoid,Control,O1
792,0.9776542427464998,O = organoid,Control,O6
793,0.99766723057944,O = organoid,Control,O2
794,0.999999208778878,O = organoid,Control,O4
795,0.9999998344681552,O = organoid,Control,O7
796,0.9999998786021033,O = organoid,Control,O6
797,0.961190877642179,O = organoid,Control,O1
798,0.9944941454555253,O = organoid,Control,O1
799,0.7586046428695012,O = organoid,Control,O3
800,0.8898279681977146,S = mouse slice,Intact,P3
801,0.7955516447999023,S = mouse slice,Intact,P1
802,0.8099711441736192,S = mouse slice,Intact,P2
803,0.8413456714659098,S = mouse slice,Intact,P2
804,0.838970416562539,S = mouse slice,Intact,P3
805,0.8665889048082698,S = mouse slice,Intact,P2
806,0.7531395768610859,S = mouse slice,Intact,P4
807,0.8537965398974368,S = mouse slice,Intact,P2
808,0.8128312689990808,S = mouse slice,Intact,P1
809,0.8458939405856124,S = mouse slice,Intact,P1
810,0.877850866322092,S = mouse slice,Intact,P3
811,0.7451646738266655,S = mouse slice,Intact,P4
812,0.9079894450308345,S = mouse slice,Intact,P3
813,0.8733467090771486,S = mouse slice,Intact,P3
814,0.8393289466470045,S = mouse slice,Intact,P2
815,0.7821736129401214,S = mouse slice,Intact,P1
816,0.8946492510869138,S = mouse slice,Intact,P3
817,0.8232000063315092,S = mouse slice,Intact,P1
818,0.8380212139770483,S = mouse slice,Intact,P3
819,0.8989612955113274,S = mouse slice,Intact,P3
820,0.8323118042845697,S = mouse slice,Intact,P1
821,0.8286008640638857,S = mouse slice,Intact,P4
822,0.8191009876126848,S = mouse slice,Intact,P4
823,0.7808964859495601,S = mouse slice,Intact,P2
824,0.8416525279872284,S = mouse slice,Intact,P2
825,0.8305638251628857,S = mouse slice,Intact,P1
826,0.8197958651552089,S = mouse slice,Intact,P4
827,0.8132215392703978,S = mouse slice,Intact,P1
828,0.9009664844155151,S = mouse slice,Intact,P3
829,0.8249282881712239,S = mouse slice,Intact,P1
830,0.8035291065058449,S = mouse slice,Intact,P4
831,0.8146087831227021,S = mouse slice,Intact,P1
832,0.7543413725946376,S = mouse slice,Intact,P4
833,0.7481384244009641,S = mouse slice,Intact,P4
834,0.8947133352665448,S = mouse slice,Intact,P3
835,0.8493843847904423,S = mouse slice,Intact,P2
836,0.7675477429350777,S = mouse slice,Intact,P4
837,0.8677351984356867,S = mouse slice,Intact,P2
838,0.8647878349061533,S = mouse slice,Intact,P1
839,0.8231298884420758,S = mouse slice,Intact,P1
840,0.8915201993386501,S = mouse slice,Intact,P2
841,0.8512758402122327,S = mouse slice,Intact,P2
842,0.7720249538236525,S = mouse slice,Intact,P1
843,0.7937554149831544,S = mouse slice,Intact,P4
844,0.9068695907091078,S = mouse slice,Intact,P3
845,0.8558743868266699,S = mouse slice,Intact,P3
846,0.8489647773644614,S = mouse slice,Intact,P3
847,0.7946951759756937,S = mouse slice,Intact,P1
848,0.7917886383719359,S = mouse slice,Intact,P4
849,0.8241939858757161,S = mouse slice,Intact,P2
850,0.8825566116616118,S = mouse slice,Intact,P3
851,0.8321841792670155,S = mouse slice,Intact,P2
852,0.8329929996878258,S = mouse slice,Intact,P1
853,0.8536452062271563,S = mouse slice,Intact,P2
854,0.8239508449743298,S = mouse slice,Intact,P1
855,0.8508062296819919,S = mouse slice,Intact,P1
856,0.8810441467761748,S = mouse slice,Intact,P3
857,0.9184498471048943,S = mouse slice,Intact,P3
858,0.8338554539240978,S = mouse slice,Intact,P2
859,0.7059477707329871,S = mouse slice,Intact,P4
860,0.7960347045882425,S = mouse slice,Intact,P2
861,0.842284089060967,S = mouse slice,Intact,P3
862,0.7729396135579176,S = mouse slice,Intact,P4
863,0.8688817967563744,S = mouse slice,Intact,P3
864,0.7638652288799103,S = mouse slice,Intact,P4
865,0.8669751746315697,S = mouse slice,Intact,P3
866,0.8304677857540355,S = mouse slice,Intact,P1
867,0.807325639697773,S = mouse slice,Intact,P1
868,0.7909963355409251,S = mouse slice,Intact,P4
869,0.8788985600006751,S = mouse slice,Intact,P3
870,0.8461274600891969,S = mouse slice,Intact,P2
871,0.7767428012676392,S = mouse slice,Intact,P4
872,0.844615408776041,S = mouse slice,Intact,P1
873,0.8369308299285015,S = mouse slice,Intact,P2
874,0.7381246582631753,S = mouse slice,Intact,P4
875,0.8365793804663975,S = mouse slice,Intact,P1
876,0.8106927925154389,S = mouse slice,Intact,P3
877,0.7972359825850968,S = mouse slice,Intact,P4
878,0.874581785321458,S = mouse slice,Intact,P3
879,0.8409993264164674,S = mouse slice,Intact,P3
880,0.8875449687432613,S = mouse slice,Intact,P2
881,0.7450821465561659,S = mouse slice,Intact,P4
882,0.7491601056503385,S = mouse slice,Intact,P4
883,0.8532322042489667,S = mouse slice,Intact,P3
884,0.8692827308288917,S = mouse slice,Intact,P2
885,0.7337930036433262,S = mouse slice,Intact,P4
886,0.8070785602113704,S = mouse slice,Intact,P1
887,0.9203841177832395,S = mouse slice,Intact,P3
888,0.831262030583507,S = mouse slice,Intact,P2
889,0.7489460252037641,S = mouse slice,Intact,P4
890,0.8911256341554632,S = mouse slice,Intact,P3
891,0.8600143708567717,S = mouse slice,Intact,P2
892,0.8541232225054938,S = mouse slice,Intact,P2
893,0.8276073319666608,S = mouse slice,Intact,P1
894,0.8804166460956462,S = mouse slice,Intact,P2
895,0.8438126159238362,S = mouse slice,Intact,P4
896,0.8056721173160237,S = mouse slice,Intact,P1
897,0.8311823539300821,S = mouse slice,Intact,P4
898,0.8169310696051922,S = mouse slice,Intact,P1
899,0.8687051279746008,S = mouse slice,Intact,P2
900,0.813849456368404,S = mouse slice,Intact,P1
901,0.8782372434361471,S = mouse slice,Intact,P2
902,0.8527317706004176,S = mouse slice,Intact,P3
903,0.8425773448082664,S = mouse slice,Intact,P1
904,0.7934379112317267,S = mouse slice,Intact,P1
905,0.7569125917297261,S = mouse slice,Intact,P4
906,0.8637999178490803,S = mouse slice,Intact,P2
907,0.6875016220696433,S = mouse slice,Intact,P4
908,0.8125884033959806,S = mouse slice,Intact,P4
909,0.896432565407685,S = mouse slice,Intact,P3
910,0.7624200172784358,S = mouse slice,Intact,P4
911,0.8817371246235239,S = mouse slice,Intact,P3
912,0.8234545666270423,S = mouse slice,Intact,P2
913,0.7719422351739853,S = mouse slice,Intact,P4
914,0.8339787054126955,S = mouse slice,Intact,P4
915,0.8422150541598008,S = mouse slice,Intact,P1
916,0.8835783262130571,S = mouse slice,Intact,P2
917,0.8257425467718752,S = mouse slice,Intact,P2
918,0.8671120123990916,S = mouse slice,Intact,P2
919,0.8192343833919767,S = mouse slice,Intact,P1
920,0.8325062157284713,S = mouse slice,Intact,P1
921,0.8604259565577289,S = mouse slice,Intact,P3
922,0.7189906306082896,S = mouse slice,Intact,P4
923,0.7446648824679724,S = mouse slice,Intact,P4
924,0.8558117068932017,S = mouse slice,Intact,P3
925,0.7137939110753628,S = mouse slice,Intact,P4
926,0.8584156558330844,S = mouse slice,Intact,P2
927,0.7977074219871443,S = mouse slice,Intact,P1
928,0.8195819605635467,S = mouse slice,Intact,P4
929,0.9143016720892186,S = mouse slice,Intact,P3
930,0.7333399024411249,S = mouse slice,Intact,P4
931,0.8393379372555255,S = mouse slice,Intact,P1
932,0.8514095545905069,S = mouse slice,Intact,P2
933,0.8232755398777221,S = mouse slice,Intact,P1
934,0.8429242953130444,S = mouse slice,Intact,P1
935,0.9099270922058703,S = mouse slice,Intact,P3
936,0.9217013463283676,S = mouse slice,Intact,P3
937,0.8691909020272379,S = mouse slice,Intact,P2
938,0.9213539138483867,S = mouse slice,Intact,P3
939,0.7939381396416911,S = mouse slice,Intact,P4
940,0.7321853191563271,S = mouse slice,Intact,P4
941,0.8578226349466823,S = mouse slice,Intact,P2
942,0.8601554622072595,S = mouse slice,Intact,P3
943,0.8584694115393909,S = mouse slice,Intact,P2
944,0.7719895093721716,S = mouse slice,Intact,P1
945,0.8883390077968225,S = mouse slice,Intact,P3
946,0.8459679638902189,S = mouse slice,Intact,P2
947,0.7289296548142802,S = mouse slice,Intact,P4
948,0.8319968401327821,S = mouse slice,Intact,P1
949,0.8421441471154667,S = mouse slice,Intact,P2
950,0.9134859712352866,S = mouse slice,Intact,P3
951,0.8409735974906121,S = mouse slice,Intact,P2
952,0.8202227017404989,S = mouse slice,Intact,P1
953,0.8037302049222435,S = mouse slice,Intact,P4
954,0.7718445976752865,S = mouse slice,Intact,P4
955,0.860498607502298,S = mouse slice,Intact,P3
956,0.8105392850321751,S = mouse slice,Intact,P2
957,0.8184152216789171,S = mouse slice,Intact,P4
958,0.8437732166502575,S = mouse slice,Intact,P2
959,0.8626646166752072,S = mouse slice,Intact,P2
960,0.7694716638036964,S = mouse slice,Intact,P4
961,0.8082863182322608,S = mouse slice,Intact,P1
962,0.8862949663222469,S = mouse slice,Intact,P3
963,0.9129241760225355,S = mouse slice,Intact,P3
964,0.8485613968036311,S = mouse slice,Intact,P2
965,0.7996539365548799,S = mouse slice,Intact,P1
966,0.8744344112438277,S = mouse slice,Intact,P2
967,0.6650714206560814,S = mouse slice,Intact,P4
968,0.7380587286181234,S = mouse slice,Intact,P4
969,0.8460150649922177,S = mouse slice,Intact,P3
970,0.8765617931036136,S = mouse slice,Intact,P2
971,0.8312867896720193,S = mouse slice,Intact,P3
972,0.7761573342332596,S = mouse slice,Intact,P4
973,0.8182046241819825,S = mouse slice,Intact,P1
974,0.8339730993597148,S = mouse slice,Intact,P1
975,0.7920549104405279,S = mouse slice,Intact,P4
976,0.8755415445639855,S = mouse slice,Intact,P3
977,0.8644990399919419,S = mouse slice,Intact,P2
978,0.8231328156718546,S = mouse slice,Intact,P1
979,0.776592926318816,S = mouse slice,Intact,P4
980,0.7737015620353455,S = mouse slice,Intact,P4
981,0.8103209775561481,S = mouse slice,Intact,P1
982,0.8517241462325047,S = mouse slice,Intact,P3
983,0.8695333609954751,S = mouse slice,Intact,P2
984,0.8811776007729752,S = mouse slice,Intact,P2
985,0.9046600100980022,S = mouse slice,Intact,P3
986,0.8918527188550236,S = mouse slice,Intact,P3
987,0.855074189535329,S = mouse slice,Intact,P1
988,0.868624997681286,S = mouse slice,Intact,P4
989,0.8340593423001958,S = mouse slice,Intact,P2
990,0.8144956588277626,S = mouse slice,Intact,P1
991,0.8389048293756043,S = mouse slice,Intact,P2
992,0.8601160411472171,S = mouse slice,Intact,P3
993,0.8129498265399063,S = mouse slice,Intact,P3
994,0.8149086987771792,S = mouse slice,Intact,P4
995,0.8794358458580628,S = mouse slice,Intact,P3
996,0.7623989718399791,S = mouse slice,Intact,P1
997,0.8317122796006786,S = mouse slice,Intact,P1
998,0.8479335415848704,S = mouse slice,Intact,P1
999,0.8165162846228021,S = mouse slice,Intact,P1
1000,0.9962000793477435,S = mouse slice,Control,P3
1001,0.9770264796460036,S = mouse slice,Control,P1
1002,0.9793981578963032,S = mouse slice,Control,P2
1003,0.9509335542324748,S = mouse slice,Control,P2
1004,0.9971469026042109,S = mouse slice,Control,P3
1005,0.9999995938563349,S = mouse slice,Control,P2
1006,0.9850463036646282,S = mouse slice,Control,P4
1007,0.9027674298822672,S = mouse slice,Control,P2
1008,0.9752726132745078,S = mouse slice,Control,P1
1009,0.9167104002592498,S = mouse slice,Control,P1
1010,0.9211996257112753,S = mouse slice,Control,P3
1011,0.9855420428900586,S = mouse slice,Control,P4
1012,0.572327304143782,S = mouse slice,Control,P3
1013,0.9966159361629657,S = mouse slice,Control,P3
1014,0.9029288126312298,S = mouse slice,Control,P2
1015,0.9999993901432017,S = mouse slice,Control,P1
1016,0.8499000168054534,S = mouse slice,Control,P3
1017,0.9819232676061674,S = mouse slice,Control,P1
1018,0.9874632915216581,S = mouse slice,Control,P3
1019,0.9509506294293546,S = mouse slice,Control,P3
1020,0.9999995816482491,S = mouse slice,Control,P1
1021,0.3742707533584508,S = mouse slice,Control,P4
1022,0.998121987230486,S = mouse slice,Control,P4
1023,0.9972453877146304,S = mouse slice,Control,P2
1024,0.9999998352910215,S = mouse slice,Control,P2
1025,0.5359950095114608,S = mouse slice,Control,P1
1026,0.998859121667986,S = mouse slice,Control,P4
1027,0.6952566115210458,S = mouse slice,Control,P1
1028,0.9794730627300897,S = mouse slice,Control,P3
1029,0.8335576582496038,S = mouse slice,Control,P1
1030,0.9168093330372543,S = mouse slice,Control,P4
1031,0.9715783531142805,S = mouse slice,Control,P1
1032,0.9917950326239595,S = mouse slice,Control,P4
1033,0.9226102840955579,S = mouse slice,Control,P4
1034,0.9962367576751815,S = mouse slice,Control,P3
1035,0.9865532656694177,S = mouse slice,Control,P2
1036,0.9511109359326183,S = mouse slice,Control,P4
1037,0.7484797798495131,S = mouse slice,Control,P2
1038,0.9576397058673363,S = mouse slice,Control,P1
1039,0.6199026755710826,S = mouse slice,Control,P1
1040,7.502381393014766e-05,S = mouse slice,Control,P2
1041,0.9697316683528469,S = mouse slice,Control,P2
1042,0.9977979451889748,S = mouse slice,Control,P1
1043,0.9999998770696129,S = mouse slice,Control,P4
1044,0.9999997921874476,S = mouse slice,Control,P3
1045,0.9999999047838624,S = mouse slice,Control,P3
1046,0.9988048632106646,S = mouse slice,Control,P3
1047,0.9994455009874916,S = mouse slice,Control,P1
1048,0.9999999011421659,S = mouse slice,Control,P4
1049,0.9959857149796335,S = mouse slice,Control,P2
1050,0.6299964309249508,S = mouse slice,Control,P3
1051,0.9953451783196777,S = mouse slice,Control,P2
1052,0.9949079308271943,S = mouse slice,Control,P1
1053,0.9708227808074776,S = mouse slice,Control,P2
1054,0.9525418027140135,S = mouse slice,Control,P1
1055,0.999999629600082,S = mouse slice,Control,P1
1056,0.9984436170356519,S = mouse slice,Control,P3
1057,0.9971490149507807,S = mouse slice,Control,P3
1058,0.9988991950332677,S = mouse slice,Control,P2
1059,0.9969095040802801,S = mouse slice,Control,P4
1060,0.9810194711439171,S = mouse slice,Control,P2
1061,0.9999997903111681,S = mouse slice,Control,P3
1062,0.9977864120550632,S = mouse slice,Control,P4
1063,0.9872519970794491,S = mouse slice,Control,P3
1064,0.9831877573746398,S = mouse slice,Control,P4
1065,0.9957284571711648,S = mouse slice,Control,P3
1066,0.5300803584783323,S = mouse slice,Control,P1
1067,0.9945139307054506,S = mouse slice,Control,P1
1068,0.9792441748655251,S = mouse slice,Control,P4
1069,0.9833449026034284,S = mouse slice,Control,P3
1070,0.9810488686684168,S = mouse slice,Control,P2
1071,0.8499392006092462,S = mouse slice,Control,P4
1072,0.7889460627362506,S = mouse slice,Control,P1
1073,0.9894454174657085,S = mouse slice,Control,P2
1074,0.7087957664275522,S = mouse slice,Control,P4
1075,0.9739103251587578,S = mouse slice,Control,P1
1076,0.8837024394278881,S = mouse slice,Control,P3
1077,0.9992529072286637,S = mouse slice,Control,P4
1078,0.4240563912514954,S = mouse slice,Control,P3
1079,0.9885643317417582,S = mouse slice,Control,P3
1080,0.9183942757632548,S = mouse slice,Control,P2
1081,0.9922123890823602,S = mouse slice,Control,P4
1082,0.9780162842899106,S = mouse slice,Control,P4
1083,0.9999996784545255,S = mouse slice,Control,P3
1084,0.9955297980592935,S = mouse slice,Control,P2
1085,0.9520785817778064,S = mouse slice,Control,P4
1086,0.9945768923399207,S = mouse slice,Control,P1
1087,0.9949155614573612,S = mouse slice,Control,P3
1088,0.9511751150786012,S = mouse slice,Control,P2
1089,0.9999998496113314,S = mouse slice,Control,P4
1090,0.9164945426140125,S = mouse slice,Control,P3
1091,0.9984781957402833,S = mouse slice,Control,P2
1092,0.9987637145052518,S = mouse slice,Control,P2
1093,0.962673917186754,S = mouse slice,Control,P1
1094,0.8696005817347833,S = mouse slice,Control,P2
1095,0.0002618548823929809,S = mouse slice,Control,P4
1096,0.9750648982205357,S = mouse slice,Control,P1
1097,0.9965671951060003,S = mouse slice,Control,P4
1098,0.9666547673300129,S = mouse slice,Control,P1
1099,0.9999998070430168,S = mouse slice,Control,P2
1100,0.9926744183138578,S = mouse slice,Control,P1
1101,0.8000825124970313,S = mouse slice,Control,P2
1102,0.6350569311549136,S = mouse slice,Control,P3
1103,0.9999998618056309,S = mouse slice,Control,P1
1104,0.9999998877058579,S = mouse slice,Control,P1
1105,0.9516456913246861,S = mouse slice,Control,P4
1106,0.9906586559390057,S = mouse slice,Control,P2
1107,0.6346918304570651,S = mouse slice,Control,P4
1108,0.995220495056511,S = mouse slice,Control,P4
1109,0.9759312944029727,S = mouse slice,Control,P3
1110,0.9999998351470801,S = mouse slice,Control,P4
1111,0.9990581979221392,S = mouse slice,Control,P3
1112,0.9511004803121099,S = mouse slice,Control,P2
1113,0.9332262583407424,S = mouse slice,Control,P4
1114,0.9868227801876561,S = mouse slice,Control,P4
1115,0.8605155799216827,S = mouse slice,Control,P1
1116,0.9993488394790842,S = mouse slice,Control,P2
1117,0.8796597117043139,S = mouse slice,Control,P2
1118,0.947280724775035,S = mouse slice,Control,P2
1119,0.9849210881843444,S = mouse slice,Control,P1
1120,0.9331994889038052,S = mouse slice,Control,P1
1121,0.9986743927440528,S = mouse slice,Control,P3
1122,0.9665731599389675,S = mouse slice,Control,P4
1123,0.9962976972895835,S = mouse slice,Control,P4
1124,0.8965356052806169,S = mouse slice,Control,P3
1125,0.9935056036908974,S = mouse slice,Control,P4
1126,0.9695677414329814,S = mouse slice,Control,P2
1127,0.969083019900049,S = mouse slice,Control,P1
1128,0.9999996542370514,S = mouse slice,Control,P4
1129,0.9902638537179633,S = mouse slice,Control,P3
1130,0.9260263411098815,S = mouse slice,Control,P4
1131,0.9796791822156414,S = mouse slice,Control,P1
1132,0.9699235240636097,S = mouse slice,Control,P2
1133,0.0003040365344872985,S = mouse slice,Control,P1
1134,0.9459407218527146,S = mouse slice,Control,P1
1135,0.8044994049083586,S = mouse slice,Control,P3
1136,0.9381439153840021,S = mouse slice,Control,P3
1137,0.994496544248116,S = mouse slice,Control,P2
1138,0.9510436969863806,S = mouse slice,Control,P3
1139,0.366090685490141,S = mouse slice,Control,P4
1140,0.9511274153316684,S = mouse slice,Control,P4
1141,0.9568936681160319,S = mouse slice,Control,P2
1142,0.9277138746470732,S = mouse slice,Control,P3
1143,0.9112729905418938,S = mouse slice,Control,P2
1144,0.9295643249207823,S = mouse slice,Control,P1
1145,0.00039076079478973894,S = mouse slice,Control,P3
1146,0.00016517277776465845,S = mouse slice,Control,P2
1147,0.748556358009978,S = mouse slice,Control,P4
1148,0.9234584016282416,S = mouse slice,Control,P1
1149,0.9307793339805286,S = mouse slice,Control,P2
1150,0.99589853219982,S = mouse slice,Control,P3
1151,0.7810461941763612,S = mouse slice,Control,P2
1152,0.5191593453437157,S = mouse slice,Control,P1
1153,0.6573585598106316,S = mouse slice,Control,P4
1154,0.9511059286300405,S = mouse slice,Control,P4
1155,0.9655979094632788,S = mouse slice,Control,P3
1156,0.9985116166038905,S = mouse slice,Control,P2
1157,0.9985019672720732,S = mouse slice,Control,P4
1158,0.9401105359819306,S = mouse slice,Control,P2
1159,0.0004120089072304396,S = mouse slice,Control,P2
1160,0.9491400521104539,S = mouse slice,Control,P4
1161,0.8928757650465641,S = mouse slice,Control,P1
1162,0.8806889299382985,S = mouse slice,Control,P3
1163,0.9917652899971379,S = mouse slice,Control,P3
1164,0.5200190991736658,S = mouse slice,Control,P2
1165,0.9999998479647869,S = mouse slice,Control,P1
1166,0.9989069915171259,S = mouse slice,Control,P2
1167,0.9921514571990045,S = mouse slice,Control,P4
1168,0.9978797100444674,S = mouse slice,Control,P4
1169,0.8432558404332384,S = mouse slice,Control,P3
1170,0.9730003554664226,S = mouse slice,Control,P2
1171,0.9018635423091225,S = mouse slice,Control,P3
1172,0.8157494693541172,S = mouse slice,Control,P4
1173,0.9999991764464279,S = mouse slice,Control,P1
1174,0.9763640305882458,S = mouse slice,Control,P1
1175,0.9966363705748873,S = mouse slice,Control,P4
1176,0.9602045239000417,S = mouse slice,Control,P3
1177,0.9954792244931974,S = mouse slice,Control,P2
1178,0.9999998882919139,S = mouse slice,Control,P1
1179,0.9594097961272066,S = mouse slice,Control,P4
1180,0.9999998858645804,S = mouse slice,Control,P4
1181,0.9984106286362638,S = mouse slice,Control,P1
1182,0.9511670079146305,S = mouse slice,Control,P3
1183,0.792387032669392,S = mouse slice,Control,P2
1184,0.9999998656897822,S = mouse slice,Control,P2
1185,0.9884921673549535,S = mouse slice,Control,P3
1186,0.9969894162904511,S = mouse slice,Control,P3
1187,0.967190922537897,S = mouse slice,Control,P1
1188,0.997846975032424,S = mouse slice,Control,P4
1189,5.984113991728766e-05,S = mouse slice,Control,P2
1190,0.9958654293034717,S = mouse slice,Control,P1
1191,0.9956608442768539,S = mouse slice,Control,P2
1192,0.9999995681475546,S = mouse slice,Control,P3
1193,0.00017298749648970565,S = mouse slice,Control,P3
1194,0.002069531940548931,S = mouse slice,Control,P4
1195,0.42803428339277294,S = mouse slice,Control,P3
1196,0.9999995932477138,S = mouse slice,Control,P1
1197,0.9678270457691909,S = mouse slice,Control,P1
1198,0.9749261606891783,S = mouse slice,Control,P1
1199,0.8995935127837049,S = mouse slice,Control,P1
1200,0.9524368176948912,P = mouse 2D primary culture,Intact,S5
1201,0.903896380881104,P = mouse 2D primary culture,Intact,S3
1202,0.9959733358449482,P = mouse 2D primary culture,Intact,S4
1203,0.9919169228538329,P = mouse 2D primary culture,Intact,S1
1204,0.9872999641671327,P = mouse 2D primary culture,Intact,S2
1205,0.9771908366746016,P = mouse 2D primary culture,Intact,S2
1206,0.9038746376550733,P = mouse 2D primary culture,Intact,S6
1207,0.9032889307806933,P = mouse 2D primary culture,Intact,S6
1208,0.9958338344116942,P = mouse 2D primary culture,Intact,S4
1209,0.8327410373666349,P = mouse 2D primary culture,Intact,S6
1210,0.915355661098849,P = mouse 2D primary culture,Intact,S6
1211,0.967402187542421,P = mouse 2D primary culture,Intact,S5
1212,0.990722695059294,P = mouse 2D primary culture,Intact,S1
1213,0.9921970327939272,P = mouse 2D primary culture,Intact,S1
1214,0.9603884317741344,P = mouse 2D primary culture,Intact,S5
1215,0.9007506224431399,P = mouse 2D primary culture,Intact,S6
1216,0.9957776708931504,P = mouse 2D primary culture,Intact,S4
1217,0.9689269132341112,P = mouse 2D primary culture,Intact,S5
1218,0.9952262006931165,P = mouse 2D primary culture,Intact,S4
1219,0.9663290184579769,P = mouse 2D primary culture,Intact,S5
1220,0.8481896094799221,P = mouse 2D primary culture,Intact,S3
1221,0.8728945725338922,P = mouse 2D primary culture,Intact,S3
1222,0.9944432381165673,P = mouse 2D primary culture,Intact,S4
1223,0.9916958454727917,P = mouse 2D primary culture,Intact,S1
1224,0.9568762017604665,P = mouse 2D primary culture,Intact,S5
1225,0.9910249837840615,P = mouse 2D primary culture,Intact,S1
1226,0.9589483132499975,P = mouse 2D primary culture,Intact,S5
1227,0.9099892611210074,P = mouse 2D primary culture,Intact,S6
1228,0.997937515111363,P = mouse 2D primary culture,Intact,S2
1229,0.8370471264215419,P = mouse 2D primary culture,Intact,S3
1230,0.9134894533565946,P = mouse 2D primary culture,Intact,S6
1231,0.8378927366948448,P = mouse 2D primary culture,Intact,S3
1232,0.8959489651517232,P = mouse 2D primary culture,Intact,S6
1233,0.9117293024408049,P = mouse 2D primary culture,Intact,S6
1234,0.9106122645477455,P = mouse 2D primary culture,Intact,S6
1235,0.9870323380052805,P = mouse 2D primary culture,Intact,S2
1236,0.9219279508720889,P = mouse 2D primary culture,Intact,S3
1237,0.8416137311590053,P = mouse 2D primary culture,Intact,S3
1238,0.9917783992577137,P = mouse 2D primary culture,Intact,S1
1239,0.8956572174285015,P = mouse 2D primary culture,Intact,S6
1240,0.9462338920526004,P = mouse 2D primary culture,Intact,S5
1241,0.99516432365475,P = mouse 2D primary culture,Intact,S4
1242,0.8917584099009608,P = mouse 2D primary culture,Intact,S6
1243,0.9902384030398724,P = mouse 2D primary culture,Intact,S1
1244,0.9896192152131856,P = mouse 2D primary culture,Intact,S1
1245,0.9083692656727775,P = mouse 2D primary culture,Intact,S3
1246,0.9960707918558747,P = mouse 2D primary culture,Intact,S4
1247,0.909036539670552,P = mouse 2D primary culture,Intact,S6
1248,0.9908773586539248,P = mouse 2D primary culture,Intact,S1
1249,0.8375408914661896,P = mouse 2D primary culture,Intact,S3
1250,0.9912130009309785,P = mouse 2D primary culture,Intact,S1
1251,0.9902669742639113,P = mouse 2D primary culture,Intact,S1
1252,0.9527497693269783,P = mouse 2D primary culture,Intact,S5
1253,0.9009146018805382,P = mouse 2D primary culture,Intact,S6
1254,0.9491774623642283,P = mouse 2D primary culture,Intact,S5
1255,0.9914279736141682,P = mouse 2D primary culture,Intact,S1
1256,0.9046287584229689,P = mouse 2D primary culture,Intact,S3
1257,0.9922382427318499,P = mouse 2D primary culture,Intact,S1
1258,0.9049754791492756,P = mouse 2D primary culture,Intact,S3
1259,0.9710800854777458,P = mouse 2D primary culture,Intact,S5
1260,0.9771908366746016,P = mouse 2D primary culture,Intact,S2
1261,0.9955611340602771,P = mouse 2D primary culture,Intact,S4
1262,0.9872999641671327,P = mouse 2D primary culture,Intact,S2
1263,0.9961066866170091,P = mouse 2D primary culture,Intact,S4
1264,0.8762675002141087,P = mouse 2D primary culture,Intact,S3
1265,0.9880831389109012,P = mouse 2D primary culture,Intact,S1
1266,0.9911175568264158,P = mouse 2D primary culture,Intact,S1
1267,0.9853442025400193,P = mouse 2D primary culture,Intact,S2
1268,0.9690740768528239,P = mouse 2D primary culture,Intact,S5
1269,0.8138298592730038,P = mouse 2D primary culture,Intact,S3
1270,0.9729701914323206,P = mouse 2D primary culture,Intact,S2
1271,0.9905459324759929,P = mouse 2D primary culture,Intact,S1
1272,0.9771908366746016,P = mouse 2D primary culture,Intact,S2
1273,0.9052311271363594,P = mouse 2D primary culture,Intact,S6
1274,0.895442553575573,P = mouse 2D primary culture,Intact,S6
1275,0.8651838959484089,P = mouse 2D primary culture,Intact,S3
1276,0.9966556749182691,P = mouse 2D primary culture,Intact,S4
1277,0.9925543697377418,P = mouse 2D primary culture,Intact,S1
1278,0.9484305944052807,P = mouse 2D primary culture,Intact,S5
1279,0.9795357492336809,P = mouse 2D primary culture,Intact,S2
1280,0.978457716522599,P = mouse 2D primary culture,Intact,S2
1281,0.997937515111363,P = mouse 2D primary culture,Intact,S2
1282,0.897409876036725,P = mouse 2D primary culture,Intact,S6
1283,0.8960910495257981,P = mouse 2D primary culture,Intact,S6
1284,0.8633157092361652,P = mouse 2D primary culture,Intact,S3
1285,0.954835559452106,P = mouse 2D primary culture,Intact,S5
1286,0.9957550185478972,P = mouse 2D primary culture,Intact,S4
1287,0.9038331447498855,P = mouse 2D primary culture,Intact,S6
1288,0.9342820529734625,P = mouse 2D primary culture,Intact,S5
1289,0.9899069769996892,P = mouse 2D primary culture,Intact,S1
1290,0.9962855685386778,P = mouse 2D primary culture,Intact,S4
1291,0.9888086509832804,P = mouse 2D primary culture,Intact,S1
1292,0.9540424904760979,P = mouse 2D primary culture,Intact,S5
1293,0.9032436418335491,P = mouse 2D primary culture,Intact,S6
1294,0.9851553700253023,P = mouse 2D primary culture,Intact,S2
1295,0.9957007665999389,P = mouse 2D primary culture,Intact,S4
1296,0.9695308369930855,P = mouse 2D primary culture,Intact,S2
1297,0.9961709570718023,P = mouse 2D primary culture,Intact,S4
1298,0.9729463188650767,P = mouse 2D primary culture,Intact,S5
1299,0.9958002175352106,P = mouse 2D primary culture,Intact,S4
1300,0.9955595907467955,P = mouse 2D primary culture,Intact,S4
1301,0.9918085368634992,P = mouse 2D primary culture,Intact,S1
1302,0.9853442025400193,P = mouse 2D primary culture,Intact,S2
1303,0.9870323380052805,P = mouse 2D primary culture,Intact,S2
1304,0.9795357492336809,P = mouse 2D primary culture,Intact,S2
1305,0.8979362256177568,P = mouse 2D primary culture,Intact,S3
1306,0.9956654699631478,P = mouse 2D primary culture,Intact,S4
1307,0.8779800664267602,P = mouse 2D primary culture,Intact,S3
1308,0.9090064995623772,P = mouse 2D primary culture,Intact,S3
1309,0.995930148587526,P = mouse 2D primary culture,Intact,S4
1310,0.9145278770257318,P = mouse 2D primary culture,Intact,S6
1311,0.991635563416311,P = mouse 2D primary culture,Intact,S1
1312,0.8892601962145243,P = mouse 2D primary culture,Intact,S3
1313,0.9729701914323206,P = mouse 2D primary culture,Intact,S2
1314,0.9900673622764165,P = mouse 2D primary culture,Intact,S1
1315,0.9877488150894734,P = mouse 2D primary culture,Intact,S1
1316,0.8986651016718367,P = mouse 2D primary culture,Intact,S6
1317,0.9044392303832963,P = mouse 2D primary culture,Intact,S6
1318,0.9851553700253023,P = mouse 2D primary culture,Intact,S2
1319,0.9062646093644854,P = mouse 2D primary culture,Intact,S6
1320,0.9035466548316944,P = mouse 2D primary culture,Intact,S6
1321,0.9630346356555155,P = mouse 2D primary culture,Intact,S5
1322,0.961637663303287,P = mouse 2D primary culture,Intact,S5
1323,0.8873458712580935,P = mouse 2D primary culture,Intact,S3
1324,0.9695308369930855,P = mouse 2D primary culture,Intact,S2
1325,0.9910781567089065,P = mouse 2D primary culture,Intact,S1
1326,0.9910048733005175,P = mouse 2D primary culture,Intact,S1
1327,0.9906953603098645,P = mouse 2D primary culture,Intact,S1
1328,0.9937671067171091,P = mouse 2D primary culture,Intact,S4
1329,0.9630100645314523,P = mouse 2D primary culture,Intact,S5
1330,0.9904270952484403,P = mouse 2D primary culture,Intact,S1
1331,0.9959814297011453,P = mouse 2D primary culture,Intact,S4
1332,0.9606444382676662,P = mouse 2D primary culture,Intact,S5
1333,0.9428934306774046,P = mouse 2D primary culture,Intact,S5
1334,0.9914938067752713,P = mouse 2D primary culture,Intact,S1
1335,0.8904765213076136,P = mouse 2D primary culture,Intact,S3
1336,0.9058051787151786,P = mouse 2D primary culture,Intact,S6
1337,0.9639752567977938,P = mouse 2D primary culture,Intact,S5
1338,0.9847519506761804,P = mouse 2D primary culture,Intact,S2
1339,0.9948267959745656,P = mouse 2D primary culture,Intact,S4
1340,0.9872999641671327,P = mouse 2D primary culture,Intact,S2
1341,0.9021645732334439,P = mouse 2D primary culture,Intact,S6
1342,0.9959482069397932,P = mouse 2D primary culture,Intact,S4
1343,0.9056841913922523,P = mouse 2D primary culture,Intact,S6
1344,0.9695308369930855,P = mouse 2D primary culture,Intact,S2
1345,0.9729701914323206,P = mouse 2D primary culture,Intact,S2
1346,0.9853214842035832,P = mouse 2D primary culture,Intact,S2
1347,0.9638949734592243,P = mouse 2D primary culture,Intact,S5
1348,0.8748785696749415,P = mouse 2D primary culture,Intact,S3
1349,0.9913892626166129,P = mouse 2D primary culture,Intact,S1
1350,0.9872999641671327,P = mouse 2D primary culture,Intact,S2
1351,0.9870323380052805,P = mouse 2D primary culture,Intact,S2
1352,0.9901572573397907,P = mouse 2D primary culture,Intact,S1
1353,0.9853214842035832,P = mouse 2D primary culture,Intact,S2
1354,0.8778750825046036,P = mouse 2D primary culture,Intact,S3
1355,0.992023340077675,P = mouse 2D primary culture,Intact,S1
1356,0.8898213367118615,P = mouse 2D primary culture,Intact,S6
1357,0.995848127961151,P = mouse 2D primary culture,Intact,S4
1358,0.8831321003801836,P = mouse 2D primary culture,Intact,S3
1359,0.9959810313831826,P = mouse 2D primary culture,Intact,S4
1360,0.9955252003095293,P = mouse 2D primary culture,Intact,S4
1361,0.9959131925902427,P = mouse 2D primary culture,Intact,S4
1362,0.9915907550090678,P = mouse 2D primary culture,Intact,S1
1363,0.8715740064014063,P = mouse 2D primary culture,Intact,S3
1364,0.9577444142129704,P = mouse 2D primary culture,Intact,S5
1365,0.833339610509405,P = mouse 2D primary culture,Intact,S3
1366,0.9847519506761804,P = mouse 2D primary culture,Intact,S2
1367,0.9957861404334127,P = mouse 2D primary culture,Intact,S4
1368,0.9467369858103533,P = mouse 2D primary culture,Intact,S5
1369,0.9771908366746016,P = mouse 2D primary culture,Intact,S2
1370,0.997937515111363,P = mouse 2D primary culture,Intact,S2
1371,0.9872999641671327,P = mouse 2D primary culture,Intact,S2
1372,0.913904218239612,P = mouse 2D primary culture,Intact,S3
1373,0.9872143156261882,P = mouse 2D primary culture,Intact,S1
1374,0.8523762073585658,P = mouse 2D primary culture,Intact,S3
1375,0.9898915714550713,P = mouse 2D primary culture,Intact,S1
1376,0.960093632410362,P = mouse 2D primary culture,Intact,S5
1377,0.8468907039293538,P = mouse 2D primary culture,Intact,S3
1378,0.8663922062755851,P = mouse 2D primary culture,Intact,S3
1379,0.997937515111363,P = mouse 2D primary culture,Intact,S2
1380,0.9872999641671327,P = mouse 2D primary culture,Intact,S2
1381,0.995766961072772,P = mouse 2D primary culture,Intact,S4
1382,0.9885440075932974,P = mouse 2D primary culture,Intact,S1
1383,0.995743822889608,P = mouse 2D primary culture,Intact,S4
1384,0.9094655279487118,P = mouse 2D primary culture,Intact,S6
1385,0.9847519506761804,P = mouse 2D primary culture,Intact,S2
1386,0.9635299873315561,P = mouse 2D primary culture,Intact,S5
1387,0.8508533444192019,P = mouse 2D primary culture,Intact,S3
1388,0.9010681584911638,P = mouse 2D primary culture,Intact,S3
1389,0.9908378239249279,P = mouse 2D primary culture,Intact,S1
1390,0.8994581696021157,P = mouse 2D primary culture,Intact,S6
1391,0.9964980307537085,P = mouse 2D primary culture,Intact,S4
1392,0.9853442025400193,P = mouse 2D primary culture,Intact,S2
1393,0.9964081908796321,P = mouse 2D primary culture,Intact,S4
1394,0.9558795729173487,P = mouse 2D primary culture,Intact,S5
1395,0.8420813515613809,P = mouse 2D primary culture,Intact,S3
1396,0.9634639578275732,P = mouse 2D primary culture,Intact,S5
1397,0.9680835851685089,P = mouse 2D primary culture,Intact,S5
1398,0.991117103804782,P = mouse 2D primary culture,Intact,S1
1399,0.9907823334664035,P = mouse 2D primary culture,Intact,S1
1400,0.9927390515786082,P = mouse 2D primary culture,Intact,S1
1401,0.9105127852353189,P = mouse 2D primary culture,Intact,S6
1402,0.9956204002399872,P = mouse 2D primary culture,Intact,S4
1403,0.9584373896950467,P = mouse 2D primary culture,Intact,S5
1404,0.9957955273272322,P = mouse 2D primary culture,Intact,S4
1405,0.9853442025400193,P = mouse 2D primary culture,Intact,S2
1406,0.9123771418490366,P = mouse 2D primary culture,Intact,S6
1407,0.9945408479877521,P = mouse 2D primary culture,Intact,S4
1408,0.9867103941844808,P = mouse 2D primary culture,Intact,S2
1409,0.9795357492336809,P = mouse 2D primary culture,Intact,S2
1410,0.9159423992798362,P = mouse 2D primary culture,Intact,S6
1411,0.8359972668495708,P = mouse 2D primary culture,Intact,S3
1412,0.9102839311218207,P = mouse 2D primary culture,Intact,S6
1413,0.9960629583867132,P = mouse 2D primary culture,Intact,S4
1414,0.9959101047951963,P = mouse 2D primary culture,Intact,S4
1415,0.9912937199496064,P = mouse 2D primary culture,Intact,S1
1416,0.9057412222464224,P = mouse 2D primary culture,Intact,S6
1417,0.8689965192545506,P = mouse 2D primary culture,Intact,S3
1418,0.8499547140864496,P = mouse 2D primary culture,Intact,S3
1419,0.9691102442194566,P = mouse 2D primary culture,Intact,S5
1420,0.818083448208771,P = mouse 2D primary culture,Intact,S3
1421,0.901948738974122,P = mouse 2D primary culture,Intact,S6
1422,0.9847519506761804,P = mouse 2D primary culture,Intact,S2
1423,0.9847519506761804,P = mouse 2D primary culture,Intact,S2
1424,0.9025417536835828,P = mouse 2D primary culture,Intact,S6
1425,0.9722856703679471,P = mouse 2D primary culture,Intact,S5
1426,0.9958756359927673,P = mouse 2D primary culture,Intact,S4
1427,0.9495605364005989,P = mouse 2D primary culture,Intact,S5
1428,0.9079205329217951,P = mouse 2D primary culture,Intact,S3
1429,0.8702843825332857,P = mouse 2D primary culture,Intact,S3
1430,0.990946690300524,P = mouse 2D primary culture,Intact,S1
1431,0.968473589645942,P = mouse 2D primary culture,Intact,S5
1432,0.8464855066365273,P = mouse 2D primary culture,Intact,S3
1433,0.9960347804791717,P = mouse 2D primary culture,Intact,S4
1434,0.9078948799980436,P = mouse 2D primary culture,Intact,S6
1435,0.8615167673125538,P = mouse 2D primary culture,Intact,S3
1436,0.9886788972458449,P = mouse 2D primary culture,Intact,S1
1437,0.9885102092947723,P = mouse 2D primary culture,Intact,S1
1438,0.9893200775748457,P = mouse 2D primary culture,Intact,S1
1439,0.995494409443332,P = mouse 2D primary culture,Intact,S4
1440,0.9836605029591832,P = mouse 2D primary culture,Intact,S2
1441,0.9606207806017558,P = mouse 2D primary culture,Intact,S5
1442,0.9961380663787133,P = mouse 2D primary culture,Intact,S4
1443,0.9677078554170615,P = mouse 2D primary culture,Intact,S5
1444,0.9870323380052805,P = mouse 2D primary culture,Intact,S2
1445,0.9116081630989075,P = mouse 2D primary culture,Intact,S6
1446,0.9873490005279087,P = mouse 2D primary culture,Intact,S2
1447,0.9954846514063996,P = mouse 2D primary culture,Intact,S4
1448,0.9033401797212116,P = mouse 2D primary culture,Intact,S6
1449,0.9729701914323206,P = mouse 2D primary culture,Intact,S2
1450,0.9045180858332716,P = mouse 2D primary culture,Intact,S6
1451,0.9558677552365633,P = mouse 2D primary culture,Intact,S5
1452,0.9904274849593075,P = mouse 2D primary culture,Intact,S1
1453,0.9612327332862886,P = mouse 2D primary culture,Intact,S5
1454,0.9954393461766066,P = mouse 2D primary culture,Intact,S4
1455,0.995422348163725,P = mouse 2D primary culture,Intact,S4
1456,0.9920887920261243,P = mouse 2D primary culture,Intact,S1
1457,0.8711818169280601,P = mouse 2D primary culture,Intact,S3
1458,0.9436426145412061,P = mouse 2D primary culture,Intact,S5
1459,0.9964734145589724,P = mouse 2D primary culture,Intact,S4
1460,0.9037972745531172,P = mouse 2D primary culture,Intact,S6
1461,0.8315016618043712,P = mouse 2D primary culture,Intact,S3
1462,0.9950992394535341,P = mouse 2D primary culture,Intact,S4
1463,0.9602617653884258,P = mouse 2D primary culture,Intact,S5
1464,0.9955315380663612,P = mouse 2D primary culture,Intact,S4
1465,0.906083302664055,P = mouse 2D primary culture,Intact,S6
1466,0.8704279969408759,P = mouse 2D primary culture,Intact,S3
1467,0.8619982498781076,P = mouse 2D primary culture,Intact,S3
1468,0.9765539682050998,P = mouse 2D primary culture,Intact,S2
1469,0.9960532854052394,P = mouse 2D primary culture,Intact,S4
1470,0.9174735849148913,P = mouse 2D primary culture,Intact,S6
1471,0.9958958511968707,P = mouse 2D primary culture,Intact,S4
1472,0.9899841531226417,P = mouse 2D primary culture,Intact,S1
1473,0.9905473859016162,P = mouse 2D primary culture,Intact,S1
1474,0.9847519506761804,P = mouse 2D primary culture,Intact,S2
1475,0.913960446543354,P = mouse 2D primary culture,Intact,S6
1476,0.9960336798614686,P = mouse 2D primary culture,Intact,S4
1477,0.9959757790227899,P = mouse 2D primary culture,Intact,S4
1478,0.9464172955585549,P = mouse 2D primary culture,Intact,S5
1479,0.9581879731043091,P = mouse 2D primary culture,Intact,S5
1480,0.9116083068528067,P = mouse 2D primary culture,Intact,S6
1481,0.870304505508018,P = mouse 2D primary culture,Intact,S3
1482,0.960433762371851,P = mouse 2D primary culture,Intact,S5
1483,0.9024916742487126,P = mouse 2D primary culture,Intact,S6
1484,0.9030823501928024,P = mouse 2D primary culture,Intact,S6
1485,0.9649677327870886,P = mouse 2D primary culture,Intact,S5
1486,0.8466350021067152,P = mouse 2D primary culture,Intact,S3
1487,0.9777548463443638,P = mouse 2D primary culture,Intact,S2
1488,0.9494799629169175,P = mouse 2D primary culture,Intact,S5
1489,0.9870323380052805,P = mouse 2D primary culture,Intact,S2
1490,0.8690640266084085,P = mouse 2D primary culture,Intact,S3
1491,0.9518456595075051,P = mouse 2D primary culture,Intact,S5
1492,0.8752817328161798,P = mouse 2D primary culture,Intact,S3
1493,0.9888646471779327,P = mouse 2D primary culture,Intact,S1
1494,0.9617746578069111,P = mouse 2D primary culture,Intact,S5
1495,0.9536912910752167,P = mouse 2D primary culture,Intact,S5
1496,0.9927036564908417,P = mouse 2D primary culture,Intact,S1
1497,0.8452668955018406,P = mouse 2D primary culture,Intact,S3
1498,0.9078270736183621,P = mouse 2D primary culture,Intact,S6
1499,0.9851553700253023,P = mouse 2D primary culture,Intact,S2
1500,0.9995084607427502,P = mouse 2D primary culture,Control,S5
1501,0.8302481181344759,P = mouse 2D primary culture,Control,S3
1502,0.9924790425838199,P = mouse 2D primary culture,Control,S4
1503,0.9221538753728965,P = mouse 2D primary culture,Control,S1
1504,0.9999996623542953,P = mouse 2D primary culture,Control,S2
1505,0.8912571106494457,P = mouse 2D primary culture,Control,S2
1506,0.9895612293909102,P = mouse 2D primary culture,Control,S6
1507,0.8631871884047119,P = mouse 2D primary culture,Control,S6
1508,0.4241348425002651,P = mouse 2D primary culture,Control,S4
1509,0.9755752303149298,P = mouse 2D primary culture,Control,S6
1510,0.9999070075929547,P = mouse 2D primary culture,Control,S6
1511,0.8390335501729768,P = mouse 2D primary culture,Control,S5
1512,0.9999999125164881,P = mouse 2D primary culture,Control,S1
1513,0.9999999041935153,P = mouse 2D primary culture,Control,S1
1514,0.6218597052741244,P = mouse 2D primary culture,Control,S5
1515,0.9994844785314946,P = mouse 2D primary culture,Control,S6
1516,0.9970877566846498,P = mouse 2D primary culture,Control,S4
1517,0.9187311954077375,P = mouse 2D primary culture,Control,S5
1518,0.9814707650490434,P = mouse 2D primary culture,Control,S4
1519,0.9999997174625789,P = mouse 2D primary culture,Control,S5
1520,0.9219589879302458,P = mouse 2D primary culture,Control,S3
1521,0.9831370190489482,P = mouse 2D primary culture,Control,S3
1522,0.9872922198791748,P = mouse 2D primary culture,Control,S4
1523,0.9971968987011026,P = mouse 2D primary culture,Control,S1
1524,0.9999998764903685,P = mouse 2D primary culture,Control,S5
1525,0.9999996891827211,P = mouse 2D primary culture,Control,S1
1526,0.9999990471717323,P = mouse 2D primary culture,Control,S5
1527,0.9577178632095537,P = mouse 2D primary culture,Control,S6
1528,0.9691777665392256,P = mouse 2D primary culture,Control,S2
1529,0.9999999308443803,P = mouse 2D primary culture,Control,S3
1530,0.9858528476189726,P = mouse 2D primary culture,Control,S6
1531,0.9999990657846164,P = mouse 2D primary culture,Control,S3
1532,0.9874968989673323,P = mouse 2D primary culture,Control,S6
1533,0.9062370090742109,P = mouse 2D primary culture,Control,S6
1534,0.9977666511697406,P = mouse 2D primary culture,Control,S6
1535,0.9976596299777943,P = mouse 2D primary culture,Control,S2
1536,0.9950354276955482,P = mouse 2D primary culture,Control,S3
1537,0.9986151888764687,P = mouse 2D primary culture,Control,S3
1538,0.9776608365948674,P = mouse 2D primary culture,Control,S1
1539,0.9511804566423608,P = mouse 2D primary culture,Control,S6
1540,0.9997468386344415,P = mouse 2D primary culture,Control,S5
1541,0.6942267427008769,P = mouse 2D primary culture,Control,S4
1542,0.9976999032367346,P = mouse 2D primary culture,Control,S6
1543,0.9966926883655131,P = mouse 2D primary culture,Control,S1
1544,0.9982897133642054,P = mouse 2D primary culture,Control,S1
1545,0.966366281738219,P = mouse 2D primary culture,Control,S3
1546,0.9991783574494876,P = mouse 2D primary culture,Control,S4
1547,0.1204298593424722,P = mouse 2D primary culture,Control,S6
1548,0.9525805637067001,P = mouse 2D primary culture,Control,S1
1549,0.9174499335118435,P = mouse 2D primary culture,Control,S3
1550,0.9512123015259564,P = mouse 2D primary culture,Control,S1
1551,0.9143202416018347,P = mouse 2D primary culture,Control,S1
1552,0.9803661373876865,P = mouse 2D primary culture,Control,S5
1553,0.9999990629276458,P = mouse 2D primary culture,Control,S6
1554,0.7466264719872963,P = mouse 2D primary culture,Control,S5
1555,0.5149493078594821,P = mouse 2D primary culture,Control,S1
1556,0.9510565464993865,P = mouse 2D primary culture,Control,S3
1557,0.9966572561808191,P = mouse 2D primary culture,Control,S1
1558,0.9999996278593184,P = mouse 2D primary culture,Control,S3
1559,0.7585060199217736,P = mouse 2D primary culture,Control,S5
1560,0.9670336393452895,P = mouse 2D primary culture,Control,S2
1561,0.8999831384230665,P = mouse 2D primary culture,Control,S4
1562,0.9985707119118857,P = mouse 2D primary culture,Control,S2
1563,0.38855199112120126,P = mouse 2D primary culture,Control,S4
1564,0.04800744462859025,P = mouse 2D primary culture,Control,S3
1565,0.9987052781177992,P = mouse 2D primary culture,Control,S1
1566,0.9647212290288933,P = mouse 2D primary culture,Control,S1
1567,0.9303739362082912,P = mouse 2D primary culture,Control,S2
1568,0.785905379829969,P = mouse 2D primary culture,Control,S5
1569,0.9704708229561639,P = mouse 2D primary culture,Control,S3
1570,0.9999994315543566,P = mouse 2D primary culture,Control,S2
1571,0.8758787069810238,P = mouse 2D primary culture,Control,S1
1572,0.9966402148172261,P = mouse 2D primary culture,Control,S2
1573,0.9511852537693752,P = mouse 2D primary culture,Control,S6
1574,0.9843785425410186,P = mouse 2D primary culture,Control,S6
1575,0.9967876451046053,P = mouse 2D primary culture,Control,S3
1576,0.9949221201114284,P = mouse 2D primary culture,Control,S4
1577,0.9999998753294057,P = mouse 2D primary culture,Control,S1
1578,0.9999980242398834,P = mouse 2D primary culture,Control,S5
1579,0.9999999051663517,P = mouse 2D primary culture,Control,S2
1580,0.0013371018647432605,P = mouse 2D primary culture,Control,S2
1581,0.8179056058061773,P = mouse 2D primary culture,Control,S2
1582,0.9986162913293181,P = mouse 2D primary culture,Control,S6
1583,0.9991129787612029,P = mouse 2D primary culture,Control,S6
1584,0.9999999183082192,P = mouse 2D primary culture,Control,S3
1585,0.9795568872103012,P = mouse 2D primary culture,Control,S5
1586,0.9864680272408721,P = mouse 2D primary culture,Control,S4
1587,0.8718282911192167,P = mouse 2D primary culture,Control,S6
1588,0.9955644160756089,P = mouse 2D primary culture,Control,S5
1589,0.8729762094795318,P = mouse 2D primary culture,Control,S1
1590,0.9999994699575265,P = mouse 2D primary culture,Control,S4
1591,0.7463844481738108,P = mouse 2D primary culture,Control,S1
1592,0.9871424752701946,P = mouse 2D primary culture,Control,S5
1593,0.9949000660867819,P = mouse 2D primary culture,Control,S6
1594,0.9696036136154116,P = mouse 2D primary culture,Control,S2
1595,0.7204841093569385,P = mouse 2D primary culture,Control,S4
1596,0.9887135848416676,P = mouse 2D primary culture,Control,S2
1597,0.9261159247435038,P = mouse 2D primary culture,Control,S4
1598,0.9670517791917714,P = mouse 2D primary culture,Control,S5
1599,0.9605965268372582,P = mouse 2D primary culture,Control,S4
1600,0.9461698835530323,P = mouse 2D primary culture,Control,S4
1601,0.9999998326272648,P = mouse 2D primary culture,Control,S1
1602,0.9669114090044209,P = mouse 2D primary culture,Control,S2
1603,0.5232097947052022,P = mouse 2D primary culture,Control,S2
1604,0.9664507532447918,P = mouse 2D primary culture,Control,S2
1605,0.9297977675939618,P = mouse 2D primary culture,Control,S3
1606,0.9669242943308343,P = mouse 2D primary culture,Control,S4
1607,0.9999995678456548,P = mouse 2D primary culture,Control,S3
1608,0.0003268120161796603,P = mouse 2D primary culture,Control,S3
1609,0.9497099343014598,P = mouse 2D primary culture,Control,S4
1610,0.9954968334289019,P = mouse 2D primary culture,Control,S6
1611,0.9990490340631708,P = mouse 2D primary culture,Control,S1
1612,0.7430118170612887,P = mouse 2D primary culture,Control,S3
1613,0.9663782587319831,P = mouse 2D primary culture,Control,S2
1614,0.9832957312993081,P = mouse 2D primary culture,Control,S1
1615,0.3551329887819968,P = mouse 2D primary culture,Control,S1
1616,0.9828169613317326,P = mouse 2D primary culture,Control,S6
1617,0.9521790543993393,P = mouse 2D primary culture,Control,S6
1618,0.9996582147577355,P = mouse 2D primary culture,Control,S2
1619,0.9999985171851407,P = mouse 2D primary culture,Control,S6
1620,0.00023303870152769976,P = mouse 2D primary culture,Control,S6
1621,0.977525913314216,P = mouse 2D primary culture,Control,S5
1622,0.9511949748237979,P = mouse 2D primary culture,Control,S5
1623,0.9126879187906763,P = mouse 2D primary culture,Control,S3
1624,0.9999999235383192,P = mouse 2D primary culture,Control,S2
1625,0.9966715592604414,P = mouse 2D primary culture,Control,S1
1626,0.9999997227402428,P = mouse 2D primary culture,Control,S1
1627,0.9983160252131329,P = mouse 2D primary culture,Control,S1
1628,0.9667303695102265,P = mouse 2D primary culture,Control,S4
1629,0.9355881788493786,P = mouse 2D primary culture,Control,S5
1630,0.995531002632,P = mouse 2D primary culture,Control,S1
1631,0.9511057101307694,P = mouse 2D primary culture,Control,S4
1632,0.7634385537803896,P = mouse 2D primary culture,Control,S5
1633,0.9512147339046839,P = mouse 2D primary culture,Control,S5
1634,0.0007844638879059764,P = mouse 2D primary culture,Control,S1
1635,0.9987738412266138,P = mouse 2D primary culture,Control,S3
1636,0.9999998116597628,P = mouse 2D primary culture,Control,S6
1637,0.8139933573527978,P = mouse 2D primary culture,Control,S5
1638,0.998015108242669,P = mouse 2D primary culture,Control,S2
1639,0.7291576941117228,P = mouse 2D primary culture,Control,S4
1640,0.9999982683815242,P = mouse 2D primary culture,Control,S2
1641,0.9979478610587572,P = mouse 2D primary culture,Control,S6
1642,0.9975214002708183,P = mouse 2D primary culture,Control,S4
1643,0.6511498013309682,P = mouse 2D primary culture,Control,S6
1644,0.9890358860089199,P = mouse 2D primary culture,Control,S2
1645,0.9664269528810129,P = mouse 2D primary culture,Control,S2
1646,0.4878857994755773,P = mouse 2D primary culture,Control,S2
1647,0.286842282074807,P = mouse 2D primary culture,Control,S5
1648,0.993526837740653,P = mouse 2D primary culture,Control,S3
1649,0.994543284478964,P = mouse 2D primary culture,Control,S1
1650,0.9935948233102933,P = mouse 2D primary culture,Control,S2
1651,0.9843152620969402,P = mouse 2D primary culture,Control,S2
1652,0.9834513204178771,P = mouse 2D primary culture,Control,S1
1653,0.9985277198500789,P = mouse 2D primary culture,Control,S2
1654,0.9993211359294351,P = mouse 2D primary culture,Control,S3
1655,0.9717079119555806,P = mouse 2D primary culture,Control,S1
1656,0.9852147390385462,P = mouse 2D primary culture,Control,S6
1657,0.9511932579342236,P = mouse 2D primary culture,Control,S4
1658,0.8769093181206088,P = mouse 2D primary culture,Control,S3
1659,0.9300433148548707,P = mouse 2D primary culture,Control,S4
1660,0.9755944821942837,P = mouse 2D primary culture,Control,S4
1661,0.9658469606461033,P = mouse 2D primary culture,Control,S4
1662,0.7456387006424825,P = mouse 2D primary culture,Control,S1
1663,0.14525786271591445,P = mouse 2D primary culture,Control,S3
1664,0.998328652996791,P = mouse 2D primary culture,Control,S5
1665,0.2470644586402393,P = mouse 2D primary culture,Control,S3
1666,0.9995359079733278,P = mouse 2D primary culture,Control,S2
1667,0.996887448501873,P = mouse 2D primary culture,Control,S4
1668,0.3793479926846322,P = mouse 2D primary culture,Control,S5
1669,0.997141477667544,P = mouse 2D primary culture,Control,S2
1670,0.998698392971236,P = mouse 2D primary culture,Control,S2
1671,0.547696002728643,P = mouse 2D primary culture,Control,S2
1672,0.0005629010102036558,P = mouse 2D primary culture,Control,S3
1673,0.8414530669264618,P = mouse 2D primary culture,Control,S1
1674,0.5226543024766253,P = mouse 2D primary culture,Control,S3
1675,0.999999898974453,P = mouse 2D primary culture,Control,S1
1676,0.968696828063127,P = mouse 2D primary culture,Control,S5
1677,0.993947826753989,P = mouse 2D primary culture,Control,S3
1678,0.9999994468341893,P = mouse 2D primary culture,Control,S3
1679,0.9511749037613003,P = mouse 2D primary culture,Control,S2
1680,0.9471896318575087,P = mouse 2D primary culture,Control,S2
1681,0.7421201354826978,P = mouse 2D primary culture,Control,S4
1682,0.9966810749443871,P = mouse 2D primary culture,Control,S1
1683,0.9966046851451286,P = mouse 2D primary culture,Control,S4
1684,0.9346771011535269,P = mouse 2D primary culture,Control,S6
1685,0.9676827184161495,P = mouse 2D primary culture,Control,S2
1686,0.8864672760048431,P = mouse 2D primary culture,Control,S5
1687,0.7470407350274385,P = mouse 2D primary culture,Control,S3
1688,0.6454300285072139,P = mouse 2D primary culture,Control,S3
1689,0.9999995797641249,P = mouse 2D primary culture,Control,S1
1690,0.9890882272965873,P = mouse 2D primary culture,Control,S6
1691,0.9511487419852835,P = mouse 2D primary culture,Control,S4
1692,0.9849328315664845,P = mouse 2D primary culture,Control,S2
1693,0.9983347967210909,P = mouse 2D primary culture,Control,S4
1694,0.9999996605500943,P = mouse 2D primary culture,Control,S5
1695,0.7478490564734207,P = mouse 2D primary culture,Control,S3
1696,0.9999998544130214,P = mouse 2D primary culture,Control,S5
1697,0.9999998786043256,P = mouse 2D primary culture,Control,S5
1698,0.9780140869086751,P = mouse 2D primary culture,Control,S1
1699,0.9973586965200812,P = mouse 2D primary culture,Control,S1
1700,0.8921461570746508,P = mouse 2D primary culture,Control,S1
1701,0.9778563448319674,P = mouse 2D primary culture,Control,S6
1702,0.9860985667733494,P = mouse 2D primary culture,Control,S4
1703,0.8840903021626146,P = mouse 2D primary culture,Control,S5
1704,0.9932387454152223,P = mouse 2D primary culture,Control,S4
1705,0.9606724344077084,P = mouse 2D primary culture,Control,S2
1706,0.9608951924298621,P = mouse 2D primary culture,Control,S6
1707,0.9988352200718704,P = mouse 2D primary culture,Control,S4
1708,0.9980351008269936,P = mouse 2D primary culture,Control,S2
1709,0.9507723796699485,P = mouse 2D primary culture,Control,S2
1710,0.0004933139587192897,P = mouse 2D primary culture,Control,S6
1711,0.9979348902892445,P = mouse 2D primary culture,Control,S3
1712,0.9489600375510153,P = mouse 2D primary culture,Control,S6
1713,0.7450285282353812,P = mouse 2D primary culture,Control,S4
1714,0.8882601316048706,P = mouse 2D primary culture,Control,S4
1715,0.17776435122698564,P = mouse 2D primary culture,Control,S1
1716,0.9536189689078495,P = mouse 2D primary culture,Control,S6
1717,0.9649452115164678,P = mouse 2D primary culture,Control,S3
1718,0.0010872157553504969,P = mouse 2D primary culture,Control,S3
1719,0.9908093390804092,P = mouse 2D primary culture,Control,S5
1720,0.9999998953869577,P = mouse 2D primary culture,Control,S3
1721,0.951191040358381,P = mouse 2D primary culture,Control,S6
1722,0.9999991593223152,P = mouse 2D primary culture,Control,S2
1723,0.977789915016546,P = mouse 2D primary culture,Control,S2
1724,0.40033235256301086,P = mouse 2D primary culture,Control,S6
1725,0.995386964698145,P = mouse 2D primary culture,Control,S5
1726,0.9973439765681917,P = mouse 2D primary culture,Control,S4
1727,0.9999998147341647,P = mouse 2D primary culture,Control,S5
1728,0.9300850202710602,P = mouse 2D primary culture,Control,S3
1729,0.9916975584371724,P = mouse 2D primary culture,Control,S3
1730,0.9511913469679532,P = mouse 2D primary culture,Control,S1
1731,0.9996729881084103,P = mouse 2D primary culture,Control,S5
1732,0.9082960877878241,P = mouse 2D primary culture,Control,S3
1733,0.9899501806734878,P = mouse 2D primary culture,Control,S4
1734,0.9833660396779799,P = mouse 2D primary culture,Control,S6
1735,0.9833817909859622,P = mouse 2D primary culture,Control,S3
1736,0.9510651740017538,P = mouse 2D primary culture,Control,S1
1737,0.9242269045029468,P = mouse 2D primary culture,Control,S1
1738,0.07248449048986227,P = mouse 2D primary culture,Control,S1
1739,0.9862483850890919,P = mouse 2D primary culture,Control,S4
1740,0.9868601053550545,P = mouse 2D primary culture,Control,S2
1741,0.9978189839018105,P = mouse 2D primary culture,Control,S5
1742,0.983183781541209,P = mouse 2D primary culture,Control,S4
1743,0.9678281376814,P = mouse 2D primary culture,Control,S5
1744,0.9712112861235846,P = mouse 2D primary culture,Control,S2
1745,0.920136915220375,P = mouse 2D primary culture,Control,S6
1746,0.9546788841342583,P = mouse 2D primary culture,Control,S2
1747,0.9954108533407755,P = mouse 2D primary culture,Control,S4
1748,0.9913075960571193,P = mouse 2D primary culture,Control,S6
1749,0.9665804881787625,P = mouse 2D primary culture,Control,S2
1750,0.9813416397969015,P = mouse 2D primary culture,Control,S6
1751,0.9494041699060488,P = mouse 2D primary culture,Control,S5
1752,0.1497942837418178,P = mouse 2D primary culture,Control,S1
1753,0.9853384284646071,P = mouse 2D primary culture,Control,S5
1754,0.9946513673445446,P = mouse 2D primary culture,Control,S4
1755,0.8058527275159434,P = mouse 2D primary culture,Control,S4
1756,0.0008703170249935291,P = mouse 2D primary culture,Control,S1
1757,0.7279039149330002,P = mouse 2D primary culture,Control,S3
1758,0.9033417184877531,P = mouse 2D primary culture,Control,S5
1759,0.9107539129084556,P = mouse 2D primary culture,Control,S4
1760,0.9102433319161426,P = mouse 2D primary culture,Control,S6
1761,0.9899343746213538,P = mouse 2D primary culture,Control,S3
1762,0.00016177061038974164,P = mouse 2D primary culture,Control,S4
1763,0.964966376320643,P = mouse 2D primary culture,Control,S5
1764,0.984446879633565,P = mouse 2D primary culture,Control,S4
1765,0.9966674639216273,P = mouse 2D primary culture,Control,S6
1766,0.981571732097793,P = mouse 2D primary culture,Control,S3
1767,0.28928392938838143,P = mouse 2D primary culture,Control,S3
1768,0.9674696645473922,P = mouse 2D primary culture,Control,S2
1769,0.9979833809312908,P = mouse 2D primary culture,Control,S4
1770,0.9333823697038894,P = mouse 2D primary culture,Control,S6
1771,0.9511761202366839,P = mouse 2D primary culture,Control,S4
1772,0.4833369141388905,P = mouse 2D primary culture,Control,S1
1773,0.9065725498747381,P = mouse 2D primary culture,Control,S1
1774,0.9885819429966954,P = mouse 2D primary culture,Control,S2
1775,0.9964611704786289,P = mouse 2D primary culture,Control,S6
1776,0.996849500367978,P = mouse 2D primary culture,Control,S4
1777,0.998251950537469,P = mouse 2D primary culture,Control,S4
1778,0.7174035403515358,P = mouse 2D primary culture,Control,S5
1779,0.9995444064317165,P = mouse 2D primary culture,Control,S5
1780,0.09687833726061394,P = mouse 2D primary culture,Control,S6
1781,0.9999991682611961,P = mouse 2D primary culture,Control,S3
1782,0.9681723297681468,P = mouse 2D primary culture,Control,S5
1783,0.27089907920346895,P = mouse 2D primary culture,Control,S6
1784,0.9990074606589203,P = mouse 2D primary culture,Control,S6
1785,0.9995002017889411,P = mouse 2D primary culture,Control,S5
1786,0.9999998455949377,P = mouse 2D primary culture,Control,S3
1787,0.9209619538484591,P = mouse 2D primary culture,Control,S2
1788,0.999999881956766,P = mouse 2D primary culture,Control,S5
1789,0.8992322999948549,P = mouse 2D primary culture,Control,S2
1790,0.99955798183852,P = mouse 2D primary culture,Control,S3
1791,0.9912591834808337,P = mouse 2D primary culture,Control,S5
1792,0.9511166745555822,P = mouse 2D primary culture,Control,S3
1793,0.968644211147884,P = mouse 2D primary culture,Control,S1
1794,0.9974165498743471,P = mouse 2D primary culture,Control,S5
1795,0.9005091212596116,P = mouse 2D primary culture,Control,S5
1796,0.9981127361514135,P = mouse 2D primary culture,Control,S1
1797,0.9978181594105394,P = mouse 2D primary culture,Control,S3
1798,0.9966938479504658,P = mouse 2D primary culture,Control,S6
1799,0.9971196811568555,P = mouse 2D primary culture,Control,S2
